date,open,volume,low,high,close
2018/1/2,279.5464,54884,278.9574,279.9047,279.4068
2018/1/3,281.3037,123230,279.4897,281.496,280.3886
2018/1/4,279.056,119370,278.4336,280.5832,279.0807
2018/1/5,280.5281,135666,278.4743,280.6123,279.9609
2018/1/8,280.1639,126584,279.2148,280.9372,280.3471
2018/1/9,280.5055,101608,280.1953,281.1826,280.7337
2018/1/10,280.3997,105030,279.9705,281.0784,280.1639
2018/1/11,281.3114,109272,280.7295,282.0678,281.0725
2018/1/12,281.3146,108260,280.7768,282.0267,281.7698
2018/1/15,282.5118,155318,280.3103,282.8332,282.2993
2018/1/16,282.2834,74420,281.745,282.5967,281.8979
2018/1/17,281.9913,121934,280.8141,282.1519,281.0567
2018/1/18,279.7734,121782,278.9134,281.2675,279.5065
2018/1/19,278.3782,126860,278.2008,279.6756,278.6426
2018/1/22,279.0237,94112,278.7169,279.4753,278.8117
2018/1/23,279.16,108144,278.8996,279.9021,279.7061
2018/1/24,280.2965,133226,279.461,281.0018,281.0018
2018/1/25,281.84,152918,281.0837,282.4196,282.0703
2018/1/26,279.5827,163968,279.5115,281.6259,280.2976
2018/1/29,279.8041,118882,278.8841,280.3443,279.0338
2018/1/30,277.7322,145130,276.5588,279.0904,276.6973
2018/1/31,277.2761,132078,276.8133,278.4078,276.9637
2018/2/1,276.9911,109586,275.9875,277.1594,276.4236
2018/2/2,277.1475,97442,275.9639,277.2071,276.7624
2018/2/5,274.8144,183354,274.1168,276.8532,274.3487
2018/2/6,276.1877,167446,274.1502,277.7368,276.3589
2018/2/7,272.5333,176480,272.0195,275.2917,272.6551
2018/2/8,271.5823,171208,270.7173,272.5053,272.0516
2018/2/9,273.8972,155150,272.1644,274.8243,273.3902
2018/2/12,271.7925,167324,271.216,273.4464,273.2599
2018/2/13,273.7988,107770,272.9521,274.7126,274.6216
2018/2/14,275.4274,103060,273.9216,276.5237,276.4599
2018/2/22,275.0981,72386,273.6814,275.1523,274.0448
2018/2/23,275.1773,91118,274.3862,275.3765,274.9766
2018/2/26,274.7008,106834,274.4788,276.3188,276.2189
2018/2/27,274.7763,111432,274.4473,275.9688,274.7879
2018/2/28,272.6479,167484,272.087,274.7666,272.4231
2018/3/1,272.4895,99192,271.7327,273.1272,272.0824
2018/3/2,272.9061,179928,271.0856,273.4294,273.0888
2018/3/5,273.4835,131324,272.8459,274.2905,274.0451
2018/3/6,273.0357,83308,272.7531,273.8977,273.7021
2018/3/7,275.4294,166432,274.0398,275.7386,274.9445
2018/3/8,273.889,134598,273.5787,274.7979,274.4177
2018/3/9,273.3368,122752,272.6741,274.5832,272.9894
2018/3/12,273.3,162534,271.9069,273.7053,272.956
2018/3/13,273.2691,94826,272.1078,273.3406,272.7465
2018/3/14,273.3874,150290,272.3629,274.0675,273.2179
2018/3/15,272.9698,89750,272.4696,273.3075,272.9635
2018/3/16,272.0594,117184,271.3765295,272.3763367,271.8209841
2018/3/19,271.2809,140266,270.1206106,272.0651112,270.5202451
2018/3/20,271.4024,99858,270.780881,271.9751948,271.6985873
2018/3/21,271.029,108630,270.3820823,271.7763982,271.6310183
2018/3/22,274.2826,226952,272.0939405,274.7938174,274.0627716
2018/3/23,276.178,236302,273.92268,277.1704432,277.127225
2018/3/26,277.2735,184850,276.4681,277.9082,276.7542
2018/3/27,276.1186,141990,275.9552,277.2548,276.3984
2018/3/28,275.5197,146668,274.5391,275.7317,274.7824
2018/3/29,272.3166,221066,271.4543,274.2425,271.549
2018/3/30,271.9564,83930,271.3205,272.1077,272.0572
2018/4/2,271.9082,78590,271.8235,272.8539,272.2731
2018/4/3,274.5886,173892,272.871,275.1625,274.3401
2018/4/4,272.9071,148582,272.1957,274.0941,273.967
2018/4/9,273.4954,71318,272.9642,273.791,273.1071
2018/4/10,274.5162,133466,272.9935,274.7418,273.2859
2018/4/11,274.1659,160998,273.3802,274.9567,274.9142
2018/4/12,275.338,318106,275.084,277.5495,275.9501
2018/4/13,273.7134,192310,273.3679,275.383,273.859
2018/4/16,274.7584,195612,273.6363,275.6431,275.0024
2018/4/17,275.1915,125094,274.5936,275.6022,275.3933
2018/4/18,275.1292,141420,273.7861,275.4948,275.2539
2018/4/19,275.5811,181090,275.341,276.6195,276.0197
2018/4/20,275.1045,167086,274.3226,275.5919,274.6626
2018/4/23,273.19,250732,273.0341,274.7099,273.597
2018/4/24,272.9216,212496,272.2824,273.4641,273.0351
2018/4/25,273.5799,173156,272.8828,274.0325,273.0008
2018/4/26,273.0242,159530,272.8211,273.7342,273.6051
2018/4/27,272.5149,225296,272.6119,273.7603,273.0381
2018/5/2,271.3618,138536,270.8055,272.6709,272.4652
2018/5/3,272.8733,216746,272.1025,273.6702,272.794
2018/5/4,273.2065,188154,273.031,274.1587,273.3092
2018/5/7,274.6,166410,273.4506,274.812,274.1869
2018/5/8,274.406,128188,273.9088,274.5738,274.1087
2018/5/9,274.6069,185004,273.1694,275.2004,273.8512
2018/5/10,274.0115,131970,273.9209,274.8112,274.0911
2018/5/11,274.4012,117446,274.0651,275.0743,274.4957
2018/5/14,274.4855,82980,274.3334,275.0596,274.4834
2018/5/15,273.4556,98382,273.0334,274.5822,273.2165
2018/5/16,270.4752,168546,270.008,271.5603,270.7003
2018/5/17,269.8641,128992,269.2448,270.2875,269.3519
2018/5/18,269.7744,97558,269.4131,269.9562,269.7995
2018/5/21,270.2995,146712,268.9936,270.6863,269.0559
2018/5/22,270.3194,117830,269.5859,270.3854,269.8468
2018/5/23,270.1179,117676,269.852,270.5064,270.1705
2018/5/24,271.2358,175416,270.4218,272.0645,272.0145
2018/5/25,273.0651,149434,272.0503,273.6391,273.3361
2018/5/28,272.724,135794,271.9815,274.1308,272.1857
2018/5/29,273.1763,90586,272.5132,273.5093,273.1056
2018/5/30,274.5663,192240,272.6823,274.8255,274.029
2018/5/31,274.0187,98976,273.7209,274.4697,274.4156
2018/6/1,273.6743,125272,273.233,274.9265,273.7781
2018/6/4,272.736,104910,272.2371,273.5846,272.336
2018/6/5,271.9429,85980,271.595,272.9401,271.8453
2018/6/6,272.647,111034,271.649,273.2917,272.3483
2018/6/7,271.953,81546,271.7569,272.804,272.1066
2018/6/8,272.2085,106362,271.7591,272.7063,272.0579
2018/6/11,272.5584,112466,272.3137,273.3116,272.6644
2018/6/12,272.9656,105126,272.172,273.4194,272.3718
2018/6/13,272.1734,79780,271.9255,272.8699,272.0747
2018/6/14,272.6206,126288,271.9236,273.3155,273.3155
2018/6/15,273.7636,133906,273.2214,274.3644,273.62
2018/6/19,271.0055,87734,270.7545,271.5039,271.4039
2018/6/20,270.7549,109042,270.1549,271.4037,270.2049
2018/6/21,269.7057,119858,269.1055,270.8543,269.4552
2018/6/22,270.1052,90546,269.4049,270.6538,270.5538
2018/6/25,271.5035,131198,270.1556,271.7045,271.1549
2018/6/26,271.2051,98890,271.2049,272.0043,271.2554
2018/6/27,271.1557,112062,270.8555,271.7547,271.6046
2018/6/28,271.7046,90608,270.9065,271.9054,270.9066
2018/6/29,271.1061,97644,270.757,271.7557,271.4061
2018/7/2,271.9053,94660,271.0069,272.4551,272.1056
2018/7/3,271.7058,123636,271.3065,273.0053,271.9064
2018/7/4,273.3561,145672,272.1071,273.7056,272.6566
2018/7/5,273.0062,90050,272.3076,273.306,272.7573
2018/7/6,273.2571,109356,272.4082,273.558,273.2579
2018/7/9,273.3082,91980,272.7058,273.4224,273.1222
2018/7/10,272.075,95944,271.5745,273.3224,272.0218
2018/7/11,272.9191,102208,271.8772,273.0734,272.8739
2018/7/12,272.5248,95114,271.7766,273.323,271.9265
2018/7/13,272.0769,68290,271.627,272.375,271.7263
2018/7/16,271.8768,69362,271.727,272.4751,272.0768
2018/7/17,271.1779,99318,270.779,271.7765,271.5749
2018/7/18,269.6288,181396,268.6305,271.4262,269.0794
2018/7/19,269.8286,105654,269.231,270.3795,270.3292
2018/7/20,270.3331,132966,269.2336,271.1308,270.6829
2018/7/23,272.3289,107430,271.4846,272.3324,271.9328
2018/7/24,272.234,105246,271.5352,272.2379,271.7363
2018/7/25,272.0355,75750,271.5397,272.2375,271.7385
2018/7/26,271.6852,95164,271.3385,272.1374,272.1367
2018/7/27,271.7904,88840,271.3386,272.1369,271.538
2018/7/30,271.7411,78498,271.4411,272.0909,271.5905
2018/7/31,271.8406,68322,271.3433,271.9424,271.6929
2018/8/1,271.3414,123190,270.196,271.5934,271.4945
2018/8/2,270.6475,93980,270.5449,271.5895,270.7941
2018/8/3,270.1989,87418,269.9476,271.4428,270.2462
2018/8/6,270.4474,110378,270.0131,271.2458,270.2981
2018/8/7,269.8522,74548,269.6004,270.598,270.1503
2018/8/8,268.5517,112900,268.3569,269.9073,269.5538
2018/8/9,269.5017,88232,268.6627,269.7111,269.6105
2018/8/10,269.7613,82286,269.1637,269.813,269.4633
2018/8/13,270.1168,114312,270.0166,270.7661,270.1673
2018/8/14,268.0259,149050,267.5698,269.2182,267.7198
2018/8/15,267.8643,98072,267.074,268.4699,267.4709
2018/8/16,264.2292,238632,262.7756,267.5187,264.0744
2018/8/17,263.8722,131126,263.3274,264.7252,263.4782
2018/8/20,264.2729,92094,263.481,265.2258,265.2258
2018/8/21,265.6756,95010,264.8806,266.5287,266.4296
2018/8/22,266.3684,104516,265.0817,266.628,266.329
2018/8/23,266.4787,90378,266.2331,267.2793,266.2821
2018/8/24,266.1358,83052,265.64,266.8902,266.4009
2018/8/27,267.1889,125828,265.8922,267.7384,267.5364
2018/8/28,267.8338,79758,267.3427,268.4384,268.3896
2018/8/29,266.4839,94090,266.145,268.2432,267.143
2018/8/30,267.7434,78186,267.1504,267.9465,267.5456
2018/8/31,267.8998,112682,266.7057,268.2019,267.9009
2018/9/3,266.9111,90312,266.6591,267.9082,266.7077
2018/9/4,266.7616,67624,265.6208,267.0128,265.7208
2018/9/5,265.3766,90992,265.1702,265.9718,265.7155
2018/9/6,266.3608,84810,265.7848,266.8747,266.5252
2018/9/7,267.1252,115058,266.633,267.7297,267.3285
2018/9/10,266.797,102900,266.1444,267.1408,266.4026
2018/9/11,266.8475,67618,266.6507,267.2444,267.1463
2018/9/12,267.4526,100488,265.9036,267.6952,266.9518
2018/9/13,267.899,117382,266.8545,268.3482,268.2466
2018/9/14,267.5973,144274,267.2621,269.1992,268.7996
2018/9/17,267.4614,106754,267.2608,268.3096,267.5122
2018/9/18,268.2528,92908,267.7732,268.6701,267.8232
2018/9/19,267.7234,78690,267.3841,268.6216,268.1224
2018/9/20,268.2898,90674,267.9489,268.8382,268.3912
2018/9/21,268.9359,98492,268.1552,269.5363,269.2416
2018/9/25,268.1418,58056,267.5538,268.2459,268.1531
2018/9/26,268.5128,71938,268.2134,268.9047,268.5577
2018/9/27,267.9707,109334,267.3797,268.7175,267.6323
2018/9/28,265.9838,139302,265.0832,266.467,265.1337
2018/10/8,269.8627,81748,268.2678,270.1872,268.9172
2018/10/9,268.3701,114646,267.528,268.5807,268.2311
2018/10/10,268.1569,104518,267.5651,268.5567,268.2489
2018/10/11,268.8388,158546,267.8758,269.8283,269.824
2018/10/12,273.2217,306618,270.9236,274.2068,273.2671
2018/10/15,274.5005,180972,273.5933,275.7968,275.7968
2018/10/16,276.0187,166892,275.246,276.6339,275.7401
2018/10/17,275.2094,138074,274.6789,276.5337,275.0227
2018/10/18,275.1499,146004,274.8105,276.3411,275.3166
2018/10/19,276.66,201178,275.691,277.7763,276.6271
2018/10/22,276.623,120846,276.2378,276.9728,276.4953
2018/10/23,276.1566,153436,275.7001,277.7151,277.6732
2018/10/24,278.2841,224620,277.872,280.1213,277.9719
2018/10/25,279.1262,202214,277.6968,280.2138,279.4248
2018/10/26,278.6472,168226,278.1176,279.5938,279.2939
2018/10/29,279.0993,284314,278.8857,281.5466,278.9363
2018/10/30,278.7337,185412,277.6083,279.4199,278.4557
2018/10/31,277.5059,245922,276.4258,278.6057,276.4585
2018/11/1,276.128,197242,275.5215,277.3281,277.2084
2018/11/2,277.9358,243060,277.3428,278.5198,277.5142
2018/11/5,277.4887,154264,276.7749,278.0555,277.7057
2018/11/6,277.683,139822,277.4665,278.6147,277.9434
2018/11/7,277.7972,184230,277.1754,278.942,278.1927
2018/11/8,277.3709,126490,277.1628,278.5319,277.3174
2018/11/9,277.391,142314,276.6657,277.9041,276.8285
2018/11/12,275.2582,207190,274.6663,277.0589,274.8204
2018/11/13,274.3966,140558,273.7798,275.0296,273.9
2018/11/14,273.7802,158726,273.4179,274.3026,273.9863
2018/11/15,275.1733,146340,273.2498,275.698,275.6349
2018/11/16,275.6925,154324,274.7541,276.2608,276.1962
2018/11/19,277.2256,189438,276.4769,277.8116,277.0882
2018/11/20,277.7971,132560,277.3957,278.3607,278.2875
2018/11/21,278.0169,148480,277.8568,279.3747,278.1211
2018/11/22,278.5275,126176,277.9371,279.3347,278.878
2018/11/23,278.7944,80420,278.7485,279.3903,278.9521
2018/11/26,278.7537,125328,278.2419,279.183,278.9147
2018/11/27,278.613,106036,278.2722,279.2481,278.4126
2018/11/28,277.2568,167156,276.8284,279.2404,277.1424
2018/11/29,278.4473,177654,276.7317,279.2983,279.1453
2018/11/30,279.0239,125604,278.8527,279.8315,279.1101
2018/12/3,278.2756,172252,277.871,279.1016,278.0372
2018/12/4,278.5529,166044,277.9843,279.123,278.0373
2018/12/5,278.5494,120530,277.8165,278.9816,278.6061
2018/12/6,279.4419,163002,278.4579,280.238,279.6266
2018/12/7,279.9334,190006,279.5588,281.1065,279.9713
2018/12/10,282.2158,249448,280.1496,282.8762,282.8251
2018/12/11,282.1898,135004,281.9401,282.8285,282.3797
2018/12/12,281.2877,137894,280.8417,282.1841,280.9271
2018/12/13,280.721,105786,280.3024,281.5795,280.5411
2018/12/14,280.3361,107414,279.8602,280.773,280.1067
2018/12/17,279.6399,109316,279.2609,280.572,279.9307
2018/12/18,281.9202,109838,280.329,282.1693,281.6617
2018/12/19,282.12,111030,281.6025,282.5779,282.3369
2018/12/20,281.8422,227796,281.4404,284.1256,281.9283
2018/12/21,284.8338,221066,282.8947,285.5098,284.5777
2018/12/24,285.1638,163808,283.9087,285.7815,285.2488
2018/12/25,286.7669,152936,285.1017,287.4745,286.8749
2018/12/26,285.9199,101460,285.7209,287.383,287.2739
2018/12/27,286.1478,212536,285.6058,287.7159,286.1045
2018/12/28,286.7993,184856,286.1102,287.6993,287.6582
2019/1/2,287.4028,100742,286.9658,288.4985,288.1163
2019/1/3,288.4142,219650,287.7316,290.5781,290.5274
2019/1/4,290.7424,239686,289.1971,291.4517,290.4101
2019/1/7,287.9142,303680,286.7745,290.0069,288.5227
2019/1/8,288.0622,208192,286.7949,289.5886,287.0963
2019/1/9,287.2136,198766,285.7776,287.5679,286.1186
2019/1/10,287.0258,241472,285.5258,287.7703,286.823
2019/1/11,285.3584,226294,284.5149,286.3891,284.9149
2019/1/14,284.3224,201484,283.8405,285.4432,285.0365
2019/1/15,284.5483,198396,284.1932,285.9806,284.3454
2019/1/16,284.993,188888,284.3211,285.555,284.6728
2019/1/17,284.8789,149004,284.3009,285.3351,285.1844
2019/1/18,285.0757,175524,284.7699,285.7258,285.1264
2019/1/21,283.7554,233468,282.7185,284.2663,283.2762
2019/1/22,282.6595,145480,282.3759,283.5281,283.3251
2019/1/23,284.3663,168666,283.3793,284.7227,283.6952
2019/1/24,283.7604,175468,283.008,284.1975,283.4154
2019/1/25,283.367,187748,282.7686,283.9605,283.0226
2019/1/28,285.7476,285926,282.8887,286.1045,285.7425
2019/1/29,286.6151,242316,285.1856,287.0381,286.8082
2019/1/30,287.2717,278260,286.8099,288.1151,287.7476
2019/1/31,287.5259,229362,286.3946,288.217,288.0765
2019/2/1,288.0763,224634,288.0201,289.5043,289.4047
2019/2/11,288.8998,140148,288.4338,289.4957,288.9896
2019/2/12,288.957,221540,288.1088,289.442,289.1689
2019/2/13,288.5662,177850,288.3541,289.6854,288.7252
2019/2/14,288.4451,241196,287.9636,290.1947,288.0679
2019/2/15,289.1235,258926,287.5203,291.2484,290.0565
2019/2/18,290.6134,245166,289.699,291.6711,291.4583
2019/2/19,292.2766,137218,291.6649,292.6027,291.8494
2019/2/20,294.1063,247474,293.0468,294.7645,293.8683
2019/2/21,293.2243,224612,291.9569,294.4597,292.0378
2019/2/22,290.3289,215452,289.9271,292.4754,290.1594
2019/2/25,289.7487,238188,289.1808,291.3367,289.8779
2019/2/26,289.4244,195488,288.6339,290.2007,289.6652
2019/2/27,289.3902,149142,288.7905,289.8562,289.3252
2019/2/28,287.4922,216824,286.5856,289.5264,287.4974
2019/3/1,286.8267,215534,286.1887,288.6131,286.5063
2019/3/4,283.1146,336616,282.1052,286.781,282.4677
2019/3/5,281.5702,191078,280.7902,282.2883,281.443
2019/3/6,281.6594,215224,280.7159,283.0249,283.0058
2019/3/7,282.3615,184822,281.4219,282.7088,281.5637
2019/3/8,282.5706,258316,281.4528,284.3968,284.2496
2019/3/11,285.7734,250032,284.0481,286.1974,285.4478
2019/3/12,284.1619,208246,283.8347,285.3212,284.8573
2019/3/13,285.68,171978,284.4338,286.4002,286.2883
2019/3/14,286.7146,184376,285.6697,287.057,285.7321
2019/3/15,283.9531,267120,283.5436,285.9346,285.5378
2019/3/18,285.3705,186264,284.1913,286.173,285.8257
2019/3/19,286.0225,186612,285.6329,286.9391,286.6275
2019/3/20,286.3928,163234,285.9683,287.4184,286.2057
2019/3/21,287.2903,291902,284.5738,288.1651,288.0123
2019/3/22,286.8238,236302,285.9755,288.298,286.9636
2019/3/25,288.0535,230954,287.0104,288.8266,288.7176
2019/3/26,289.6061,232892,288.6988,290.1461,288.9827
2019/3/27,289.0663,220052,288.2769,289.3751,288.9168
2019/3/28,288.0273,270618,287.6562,289.2459,288.1306
2019/3/29,283.8175,435396,282.3755,286.6663,282.735
2019/4/1,283.0061,280658,282.6075,284.6714,282.8095
2019/4/2,282.9247,218906,282.786,284.4283,282.8584
2019/4/3,283.5752,211064,283.212,284.0431,283.6116
2019/4/4,283.1978,202250,282.7225,283.8498,283.665
2019/4/8,283.6441,117652,283.6495,285.0513,284.9012
2019/4/9,284.9776,197590,284.49,286.1678,285.161
2019/4/10,286.3242,213984,285.6735,286.7042,286.5854
2019/4/11,286.9862,224400,286.1195,287.6398,286.9341
2019/4/12,284.3549,263320,283.7579,285.5086,284.1105
2019/4/15,283.2258,220524,282.428,284.2521,282.5364
2019/4/16,282.7449,185222,281.7722,283.0328,282.3835
2019/4/17,280.6868,271924,280.5347,281.4721,280.8846
2019/4/18,279.4559,209102,278.6891,280.5175,279.0497
2019/4/19,280.2891,164356,279.5881,280.8072,280.4765
2019/4/22,280.4587,141344,280.338,281.8231,281.2989
2019/4/23,280.8418,181260,279.9074,281.5339,280.0144
2019/4/24,280.0898,221632,278.4551,280.6514,279.8764
2019/4/25,281.2843,242262,279.8316,282.0639,281.5587
2019/4/26,281.9656,271764,281.9218,283.2405,282.7317
2019/4/29,283.2216,245642,282.7714,283.7977,282.8
2019/4/30,282.444,209006,282.0189,283.5224,283.279
2019/5/6,285.9761,178924,284.2325,286.5989,284.7698
2019/5/7,284.5134,219830,282.4072,285.0394,284.4357
2019/5/8,285.9619,248526,284.2572,286.2556,286.0488
2019/5/9,285.429,278720,285.1286,286.9551,286.2391
2019/5/10,286.6024,332332,286.2393,288.0528,286.4623
2019/5/13,288.2825,250060,287.389,288.7908,288.4514
2019/5/14,292.6373,353606,290.0692,293.0515,291.9096
2019/5/15,291.7057,261858,290.2347,292.4609,290.5096
2019/5/16,291.3274,224522,290.8865,292.5483,291.6161
2019/5/17,290.127,232620,289.4266,291.1538,291.0038
2019/5/20,288.8807,238268,288.4756,290.6833,288.8013
2019/5/21,288.9069,187906,288.0615,289.6387,288.5482
2019/5/22,288.2941,183596,287.1931,288.5146,288.3573
2019/5/23,288.6618,159342,288.3848,289.2166,288.8715
2019/5/24,290.622,259642,290.0609,291.3077,290.6129
2019/5/27,290.6534,143668,289.6855,290.9236,290.7306
2019/5/28,290.2389,88300,290.0266,290.7441,290.5023
2019/5/29,289.7946,182468,289.089,291.0389,290.9689
2019/5/30,290.2875,183132,289.2542,291.1132,289.6708
2019/5/31,292.6085,269864,290.1029,293.1502,293.0137
2019/6/3,295.8384,307804,293.4046,296.7221,296.3051
2019/6/4,299.1701,288562,296.6013,299.7409,299.3897
2019/6/5,299.24,309616,298.3838,301.5524,301.3566
2019/6/6,300.7072,379314,299.8995,303.3484,301.313
2019/6/10,302.2235,172046,300.0768,302.2666,300.4989
2019/6/11,300.4126,237206,298.9706,301.0796,299.2281
2019/6/12,299.7116,356222,298.3529,303.0412,302.3119
2019/6/13,301.8441,261638,300.9729,302.9117,302.8575
2019/6/14,304.1835,371482,302.0422,307.4555,307.3832
2019/6/17,304.6332,474064,303.1272,307.2271,303.7847
2019/6/18,304.3863,287478,303.8538,306.3436,305.812
2019/6/19,303.2977,554470,302.5318,307.5469,304.0131
2019/6/20,308.2038,549260,303.2891,313.569,310.9204
2019/6/21,312.6479,669890,309.7759,316.179,313.3267
2019/6/24,315.4348,575636,312.072,316.9988,315.4667
2019/6/25,319.4715,728428,315.4584,322.8149,321.5687
2019/6/26,318.6196,814648,315.8669,323.0616,316.1844
2019/6/27,317.4351,584764,315.1715,318.1264,315.4511
2019/6/28,317.3953,627450,313.9732,320.6361,316.7177
2019/7/1,311.9884,604906,308.4745,317.2681,308.7472
2019/7/2,310.2231,437354,309.6114,312.6404,311.946
2019/7/3,322.442,891954,311.6524,323.3961,320.9957
2019/7/4,318.8068,584234,316.9351,319.7394,317.5784
2019/7/5,318.161,283262,317.2148,319.2775,317.8545
2019/7/8,314.9165,716152,305.8319,316.6635,316.2991
2019/7/9,313.3545,406688,313.0694,315.9193,313.4457
2019/7/10,314.0858,336264,312.832,315.5384,313.1831
2019/7/11,320.4161,578524,315.477,320.8287,318.9725
2019/7/12,316.0393,359976,315.5319,318.1286,316.6293
2019/7/15,318.3496,313596,316.0089,318.4883,317.7647
2019/7/16,317.9659,276712,316.4284,318.2842,317.764
2019/7/17,315.9103,423992,315.2246,317.8265,315.8356
2019/7/18,320.7615,608056,316.0471,321.153,319.0944
2019/7/19,323.8291,546662,318.3886,324.7803,323.3091
2019/7/22,320.5863,663498,319.5727,324.6425,320.6861
2019/7/23,320.1749,366078,317.894,321.4982,318.7523
2019/7/24,319.3788,382774,319.1013,321.7178,319.7036
2019/7/25,319.7668,305826,319.2595,321.2194,320.3504
2019/7/26,318.5185,483538,317.1394,320.3181,319.0975
2019/7/29,319.438,381420,318.8121,320.6362,319.6491
2019/7/30,320.6235,267566,318.8307,321.1423,320.8921
2019/7/31,321.9332,299758,320.6059,322.5504,322.2637
2019/8/1,317.6134,589588,316.1515,322.3293,316.7217
2019/8/2,326.2985,767606,315.7237,326.6352,324.3535
2019/8/5,327.485,887160,323.5189,334.3472,334.2817
2019/8/6,339.6614,898812,334.4091,340.0521,335.6987
2019/8/7,339.4484,867170,335.6901,343.4326,341.9753
2019/8/8,347.2202,1186374,342.8706,349.624,344.5283
2019/8/9,346.6977,639736,342.8423,347.8889,346.1035
2019/8/12,346.6257,630318,344.1598,348.0697,344.4121
2019/8/13,349.0063,773866,346.2883,353.0048,352.4245
2019/8/14,344.4727,1355748,340.3008,352.1729,343.1276
2019/8/15,348.3572,1133592,345.7054,350.5107,347.569
2019/8/16,349.9216,838412,346.9499,351.1337,347.9628
2019/8/19,346.8495,775908,345.1475,348.3162,346.6513
2019/8/20,345.0449,419230,344.3215,346.0954,345.023
2019/8/21,347.3464,425588,345.483,347.5197,345.641
2019/8/22,346.1584,332192,345.835,347.2485,346.7122
2019/8/23,346.0944,379684,345.6818,347.725,346.5109
2019/8/26,358.4994,1221824,347.7878,360.4472,358.5543
2019/8/27,357.5541,678884,355.7489,359.5629,359.0014
2019/8/28,361.5273,975596,357.7609,362.4827,359.2038
2019/8/29,360.0685,721144,358.7199,363.7201,363.1299
2019/8/30,356.2635,899954,354.8076,361.7712,357.0252
2019/9/2,357.0215,747386,354.1723,358.0817,356.1984
2019/9/3,358.0912,425622,356.1719,359.4368,357.8645
2019/9/4,362.428,1142490,358.6599,364.2532,359.4218
2019/9/5,361.428,788806,359.4792,363.2975,361.3264
2019/9/6,353.2901,1240942,349.0526,359.6362,349.6804
2019/9/9,349.1162,1134384,347.5329,355.3424,351.1441
2019/9/10,346.6769,832674,343.9786,352.4112,345.3675
2019/9/11,345.3768,675508,344.8416,348.37,346.4367
2019/9/12,344.8709,510956,344.5235,347.1486,346.6445
2019/9/16,346.7357,252562,345.9318,348.1504,346.782
2019/9/17,345.4765,420054,344.5982,347.3032,345.4754
2019/9/18,346.9729,420460,346.1801,348.3389,347.0707
2019/9/19,344.5472,543624,343.9032,349.1534,346.5478
2019/9/20,347.0493,307928,346.2727,348.0575,347.282
2019/9/23,350.9401,503652,346.4329,352.6605,350.893
2019/9/24,352.6659,437168,351.859,354.0477,352.6264
2019/9/25,355.0682,633822,350.9756,355.9725,354.4353
2019/9/26,349.8971,629208,348.1948,355.0807,350.1822
2019/9/27,349.2,457774,346.3357,351.0559,347.0676
2019/9/30,347.2092,552174,343.5883,349.0419,345.7399
2019/10/8,344.575,154988,344.4879,346.5223,345.1797
2019/10/9,349.6587,440258,348.1095,350.6206,350.2491
2019/10/10,350.5566,421450,347.395,350.75,348.4215
2019/10/11,344.4903,439952,344.241,348.4529,346.5884
2019/10/14,342.1783,677582,339.3526,343.6143,341.5069
2019/10/15,342.8366,320424,341.8196,343.8841,342.4394
2019/10/16,341.2603,437544,339.7229,343.289,341.0405
2019/10/17,343.0916,335664,341.6855,343.9474,343.4986
2019/10/18,343.1046,332494,342.2,343.9368,342.8401
2019/10/21,342.2485,314624,341.5981,343.2997,342.6678
2019/10/22,340.8664,334202,340.3252,343.4422,341.3908
2019/10/23,342.0844,272020,340.6955,342.9299,342.8765
2019/10/24,342.2057,241032,342.0252,343.304,342.4154
2019/10/25,344.981,486980,342.4125,345.9864,345.6379
2019/10/28,344.8632,465160,343.9826,348.7882,345.692
2019/10/29,342.4857,411842,341.7473,344.6409,342.0525
2019/10/30,342.1443,412076,340.521,342.7999,341.9036
2019/10/31,342.6184,429644,341.8293,343.5758,342.8252
2019/11/1,346.5455,453328,344.9484,346.8426,345.9379
2019/11/4,345.8947,372806,345.2112,347.4011,345.7341
2019/11/5,345.1457,300844,343.1555,346.6735,343.4948
2019/11/6,338.4267,590302,337.5236,342.1714,338.7924
2019/11/7,340.3131,322886,338.3752,341.148,340.608
2019/11/8,332.9047,636934,331.062,338.2891,334.2474
2019/11/11,332.8286,425710,331.333,334.7036,333.7229
2019/11/12,332.0459,409148,329.7957,334.046,330.3978
2019/11/13,332.9595,395550,329.9556,334.2637,333.9783
2019/11/14,334.4974,336960,333.5454,335.1982,334.9894
2019/11/15,334.9644,369182,333.8369,336.925,334.2288
2019/11/18,334.5414,212192,334.0341,335.1178,334.3912
2019/11/19,336.752,413920,332.8202,337.1077,336.4979
2019/11/20,336.9024,383972,335.0766,337.9341,337.5729
2019/11/21,338.1612,349180,335.8666,338.5142,337.1586
2019/11/22,335.1424,363238,334.9518,337.0999,336.272
2019/11/25,335.1628,358382,333.7801,337.328,333.9909
2019/11/26,333.1878,327956,332.0575,334.5844,333.7406
2019/11/27,334.2458,336906,332.5844,335.0735,334.5219
2019/11/28,333.792,268758,332.8242,334.2673,333.537
2019/11/29,334.0071,135462,333.6383,334.8922,334.5011
2019/12/2,335.2102,273762,333.2488,336.6627,334.9691
2019/12/3,335.8758,378358,334.634,336.4657,335.6312
2019/12/4,340.7804,603372,338.3097,342.2369,341.9038
2019/12/5,339.72,406564,338.8487,341.479,340.3141
2019/12/6,339.4688,379914,337.6502,340.4235,337.9767
2019/12/9,335.286,470336,334.6005,339.273,335.2948
2019/12/10,335.4247,162398,335.0577,336.2547,335.5771
2019/12/11,335.7848,236988,335.4118,336.7755,335.8282
2019/12/12,337.8145,227268,336.1936,338.2455,337.806
2019/12/13,333.1056,616530,332.3012,341.0852,333.5444
2019/12/16,336.6894,517436,332.7606,337.9552,337.1863
2019/12/17,336.6942,192852,336.2396,337.8424,337.0251
2019/12/18,336.7706,178500,336.3597,337.6749,337.5231
2019/12/19,336.7918,241218,335.8247,337.6804,337.0676
2019/12/20,337.633,189882,336.6468,338.1881,338.0735
2019/12/23,337.6847,256862,336.9225,339.5203,339.1741
2019/12/24,339.5441,227984,338.5971,341.1357,340.7309
2019/12/25,342.7177,218328,340.6155,343.3929,342.7803
2019/12/26,342.2321,169668,341.6918,345.22,343.1617
2019/12/27,344.6245,384414,343.654,345.7732,344.3615
2019/12/30,344.7941,248258,344.2576,345.6511,344.5257
2019/12/31,344.9395,379398,343.9597,347.1383,346.6597
2020/1/2,345.3907,81773,341.072,345.9507,345.6116
2020/1/3,347.4997,261168,346.0684,351.4145,350.6393
2020/1/6,356.4832,318462,350.2783,359.3707,357.9546
2020/1/7,355.4528,342069,352.9161,358.5798,354.6014
2020/1/8,364.1495,387910,354.2837,365.3046,360.5257
2020/1/9,351.9763,403154,346.8236,357.2104,348.0232
2020/1/10,350.2089,222621,348.535,350.8269,349.2927
2020/1/13,350.8766,252481,348.4056,351.4611,349.5595
2020/1/14,345.6531,212867,343.0088,349.22,344.8125
2020/1/15,347.5647,177342,345.3247,348.8021,347.6529
2020/1/16,348.7882,182752,346.9989,349.4394,348.1335
2020/1/17,347.0993,158333,346.5743,348.7724,347.9644
2020/1/20,348.2502,132885,347.1963,348.7781,348.1459
2020/1/21,348.7303,129680,348.2214,352.0414,351.6103
2020/1/22,349.6579,192705,346.9791,350.1839,348.6604
2020/1/23,350.8174,117459,348.9504,351.5329,351.004
2020/2/3,359.6766,103908,357.4087,361.0633,359.6718
2020/2/4,359.5523,96021,356.5004,359.8521,356.6642
2020/2/5,353.3037,82678,352.5798,355.4056,354.6513
2020/2/6,352.8869,83213,351.1761,353.2765,352.8732
2020/2/7,355.7755,61470,354.1544,356.1753,354.7813
2020/2/10,357.7881,69370,355.9045,358.123,356.1165
2020/2/11,356.1546,53841,354.9441,356.4055,355.1174
2020/2/12,355.1123,56015,353.596,355.1414,354.5514
2020/2/13,356.1264,67033,355.5334,357.506,357.0364
2020/2/14,357.6474,58424,356.6278,358.0536,357.3238
2020/2/17,358.5295,60512,358.1895,359.2775,358.4497
2020/2/18,359.7906,66945,359.4654,360.4893,360.1726
2020/2/19,363.4909,95708,363.4483,365.1332,364.7007
2020/2/20,365.9184,106403,364.8527,367.4585,365.622
2020/2/21,369.4471,128961,369.2732,372.8134,372.4156
2020/2/24,379.4498,173763,378.3057,381.3712,380.2712
2020/2/25,375.2148,220618,369.3869,377.7489,372.3458
2020/2/26,373.6303,149966,372.5922,375.3889,374.86
2020/2/27,374.5208,131509,374.2642,376.2934,374.9426
2020/2/28,374.0059,230280,360.5751,374.5929,370.6744
2020/3/2,361.0845,222208,359.2493,363.6167,361.953
2020/3/3,359.4398,112731,359.0422,361.6933,360.9666
2020/3/4,370.1434,153471,368.4903,371.5128,369.256
2020/3/5,367.8115,71900,367.656,369.5112,369.3937
2020/3/6,375.9552,169737,375.3662,378.6589,376.8031
2020/3/9,381.7186,283779,371.2564,381.9544,374.1341
2020/3/10,372.6154,191789,367.5332,374.02,369.401
2020/3/11,369.6129,135264,369.5814,372.272,371.9298
2020/3/12,368.8141,205888,366.3685,370.751,368.0037
2020/3/13,356.5263,296366,349.9086,358.7991,357.1614
2020/3/16,349.0599,247187,343.7515,350.1115,347.9876
2020/3/17,341.2468,305261,330.8967,341.7958,331.6094
2020/3/18,342.6937,257924,337.4475,345.4835,339.8269
2020/3/19,336.2412,237217,331.4388,338.1839,337.3717
2020/3/20,336.1817,222716,336.0273,342.2688,340.522
2020/3/23,341.1979,165953,337.6987,341.8381,340.3596
2020/3/24,359.9569,219018,355.3785,360.2599,359.0908
2020/3/25,377.8258,203010,363.7991,377.9689,365.0589
2020/3/26,363.7974,145205,362.4859,365.7255,363.9638
2020/3/27,365.8499,128617,365.6308,369.1096,368.24
2020/3/30,369.2112,146934,363.9305,369.288,365.2641
2020/3/31,364.6112,85613,364.1967,365.884,365.5407
2020/4/1,357.3267,106609,356.1326,360.3798,359.2918
2020/4/2,359.308,94222,358.4909,361.5659,361.3193
2020/4/3,364.7317,80034,363.3808,365.8121,364.1264
2020/4/7,378.5416,141219,373.9113,379.4299,374.5058
2020/4/8,368.8789,87754,367.7339,372.205,370.879
2020/4/9,371.0868,59104,370.673,372.3077,372.1118
2020/4/10,377.6406,60328,373.4953,377.6945,374.3391
2020/4/13,375.5011,106662,372.4915,375.7549,373.913
2020/4/14,376.1041,178629,375.1305,380.6088,378.2349
2020/4/15,377.9602,124222,376.6683,379.9435,376.9029
2020/4/16,377.1577,130053,374.8508,381.0378,379.9987
2020/4/17,377.3895,194412,369.7659,378.4688,372.9181
2020/4/20,368.1524,142181,366.7059,372.171,371.3486
2020/4/21,373.0933,114783,372.6852,375.2177,374.9868
2020/4/22,373.72,124346,372.3892,375.5557,373.8118
2020/4/23,378.6245,152500,378.1756,381.9718,380.3979
2020/4/24,380.8212,133762,379.9366,383.9305,383.52
2020/4/27,381.9579,133932,380.4407,383.1007,380.7992
2020/4/28,379.5927,152775,375.8062,379.8461,377.9468
2020/4/29,378.3496,99590,378.4163,380.3273,379.5334
2020/4/30,380.3459,107070,378.6659,381.6441,381.1261
2020/5/6,379.014,109711,378.1997,381.7095,380.9666
2020/5/7,380.0236,214250,378.4934,380.5646,379.2353
2020/5/8,384.3591,258489,380.1714,385.7568,384.6048
2020/5/11,381.9348,239202,381.4588,384.9121,383.0423
2020/5/12,381.1716,174492,380.7192,383.8443,382.141
2020/5/13,382.7921,172217,381.6054,384.1689,383.014
2020/5/14,386.0539,243720,382.9425,386.3232,385.686
2020/5/15,388.9022,319817,385.1831,392.1914,391.3966
2020/5/18,394.7221,345462,391.5149,401.8867,400.732
2020/5/19,394.1221,327589,392.669,398.4044,394.1579
2020/5/20,397.3132,226997,394.8101,399.4677,398.3962
2020/5/21,397.7048,232013,394.1636,399.0309,394.7911
2020/5/22,391.716,299067,389.8412,395.2162,394.1466
2020/5/25,393.563,209972,392.2994,395.5949,393.2916
2020/5/26,394.8257,177742,392.6365,396.5539,395.1525
2020/5/27,391.6679,229288,390.2769,394.803,391.0298
2020/5/28,391.9354,272929,387.2867,395.0005,394.0063
2020/5/29,393.6895,217457,391.57,395.3844,394.2465
2020/6/1,396.8237,235480,395.3775,398.9092,397.8522
2020/6/2,397.5802,177498,395.4795,398.1007,396.8447
2020/6/3,392.082,256823,391.9079,397.8788,392.9309
2020/6/4,389.4379,276001,387.4661,391.3601,389.6337
2020/6/5,392.1099,234035,389.418,393.2077,390.0795
2020/6/8,383.8491,263337,382.1951,386.8945,386.1928
2020/6/9,386.1943,181263,384.2595,387.5815,386.2265
2020/6/10,390.1298,150625,389.5764,390.8388,390.3321
2020/6/11,393.6128,209392,388.2041,393.812,393.6282
2020/6/12,393.1482,231022,391.9269,395.6129,393.5286
2020/6/15,394.2521,210858,391.4297,395.4154,392.4651
2020/6/16,392.3356,212176,388.1143,393.5005,392.3198
2020/6/17,392.9652,211185,390.464,393.3762,392.7717
2020/6/18,392.4525,130634,391.2035,393.0271,392.079
2020/6/19,392.2934,141428,390.8333,393.6022,392.8606
2020/6/22,397.5785,224132,393.1825,399.0819,397.405
2020/6/23,396.845,210202,395.9033,398.5744,396.8796
2020/6/24,399.6904,205423,397.6632,400.6172,399.9334
2020/6/29,400.7858,80514,399.3866,401.8185,400.0565
2020/6/30,400.08,119893,399.2706,400.7798,400.6579
2020/7/1,402.3501,199065,399.6531,403.4651,403.0204
2020/7/2,399.17,259739,397.7229,401.8983,398.9807
2020/7/3,400.5941,177955,397.0155,401.2373,400.4881
2020/7/6,400.6623,106302,398.7488,400.9117,399.5792
2020/7/7,400.3282,121047,399.6513,401.2319,400.2791
2020/7/8,402.389,160565,398.9909,402.8684,402.3056
2020/7/9,404.2378,195743,403.7301,406.2634,404.8855
2020/7/10,402.2319,219750,401.1188,405.0478,401.8855
2020/7/13,402.6122,171831,401.5282,404.2456,403.7726
2020/7/14,402.6864,162303,401.5574,405.1793,403.0305
2020/7/15,404.0525,170007,402.0607,404.9963,403.6503
2020/7/16,403.5972,165199,401.6596,404.2184,402.2041
2020/7/17,399.7935,157329,398.2531,402.5809,399.8195
2020/7/20,400.8471,125902,400.1712,401.9096,401.8594
2020/7/21,402.6005,156206,402.2277,405.1129,404.5386
2020/7/22,408.1623,347330,406.4759,418.865,414.2887
2020/7/23,416.2896,287540,410.1143,417.0886,416.5776
2020/7/24,418.2538,292166,415.4724,421.5099,420.4993
2020/7/27,425.9403,405833,422.247,435.0461,430.2034
2020/7/28,435.1683,549620,426.7788,440.3202,430.2094
2020/7/29,431.9712,342991,426.0979,433.1066,431.6429
2020/7/30,432.2849,306340,426.9292,433.2753,429.2859
2020/7/31,428.9003,363119,425.3507,433.9862,433.3319
2020/8/3,432.4035,254910,429.7069,433.7396,431.9432
2020/8/4,432.673,170547,430.6835,433.9359,432.5031
2020/8/5,443.8085,431476,432.4521,445.7551,444.6596
2020/8/6,445.5862,351706,441.978,448.8361,448.1765
2020/8/7,452.2598,366222,448.5264,454.6809,450.3605
2020/8/10,446.9957,328369,443.1835,452.0319,447.0613
2020/8/11,444.5037,369249,435.1262,450.1289,437.6799
2020/8/12,417.9147,304215,417.9318,428.3465,417.9318
2020/8/13,416.5477,341191,415.8574,420.4828,417.5202
2020/8/14,427.368,421148,417.4567,429.7815,421.1236
2020/8/17,422.7113,341083,420.0313,426.5968,425.2463
2020/8/18,431.0586,405783,426.4728,435.7399,434.7591
2020/8/19,432.8095,454125,426.5431,437.8821,429.9898
2020/8/20,420.5701,485254,416.9278,431.9342,419.1201
2020/8/21,421.2062,356231,415.6369,421.651,420.2785
2020/8/24,416.1005,369587,413.0432,418.4606,416.4045
2020/8/25,416.6026,259395,415.9267,423.6714,417.2714
2020/8/26,417.3738,242358,415.3088,418.131,416.4199
2020/8/27,421.8205,371792,414.8689,422.7824,421.3046
2020/8/28,418.1315,498901,415.4175,427.2133,421.2684
2020/8/31,425.5265,323046,421.8416,425.7485,423.4627
2020/9/1,424.9501,287873,423.2394,428.6095,427.7457
2020/9/2,424.7964,302591,422.7345,428.8668,423.4214
2020/9/3,419.8894,369462,415.3186,423.9998,416.1485
2020/9/4,417.542,376244,414.5052,419.7247,417.4295
2020/9/7,417.5932,333610,414.3503,419.403,417.2823
2020/9/8,416.9476,178035,415.4287,418.369,417.4748
2020/9/9,418.122,382403,411.9574,420.4054,417.4451
2020/9/10,420.3602,250704,418.318,421.3786,420.3808
2020/9/11,421.0603,287091,417.4834,423.773,419.2402
2020/9/14,418.6729,183728,418.2978,421.2166,419.374
2020/9/15,420.7559,197833,419.6402,421.7965,420.769
2020/9/16,418.3852,206842,417.5399,421.3506,419.5401
2020/9/17,418.3593,279187,415.1218,421.0147,416.5199
2020/9/18,417.4132,213473,413.757,418.2072,417.8691
2020/9/21,418.4106,187906,416.6013,420.5067,418.0177
2020/9/22,409.9773,529900,394.3916,415.4305,408.6183
2020/9/23,408.4621,376466,400.5687,410.6049,401.899
2020/9/24,400.3199,369251,396.1593,404.896,397.5289
2020/9/25,400.5852,294266,397.1253,402.372,401.9596
2020/9/28,401.5641,228993,399.0716,402.8282,401.0199
2020/9/29,405.2422,219654,402.1568,406.9741,406.827
2020/9/30,407.8815,173777,406.1146,408.8987,407.0415
2020/10/9,405.7443,91640,405.0376,408.0102,406.386
2020/10/12,410.3991,233546,407.9838,412.6526,411.0993
2020/10/13,411.4607,189680,408.9684,412.3101,409.6906
2020/10/14,403.5832,236726,401.8367,408.4502,405.2471
2020/10/15,404.5818,188287,402.7303,407.6744,404.8212
2020/10/16,406.0186,192099,403.5042,407.4205,406.2333
2020/10/19,404.5085,194942,403.3194,406.9363,406.2123
2020/10/20,404.6606,174143,403.1568,406.7315,404.8434
2020/10/21,406.3959,191135,403.6994,407.5535,405.9397
2020/10/22,406.8343,196897,404.9143,408.7233,406.1989
2020/10/23,404.2099,188063,402.6609,405.6594,404.9191
2020/10/26,403.8009,229488,401.7065,405.4772,402.9492
2020/10/27,405.2732,211628,404.3574,406.9978,406.8042
2020/10/28,406.9987,167177,405.9499,408.0867,406.934
2020/10/29,401.5498,308669,399.9764,402.928,401.4648
2020/10/30,398.8557,310343,395.0116,401.3422,398.9548
2020/11/2,400.5859,232071,399.7054,403.0772,402.6814
2020/11/3,403.4603,170873,402.612,404.9665,404.6029
2020/11/4,406.4725,250926,404.9639,407.8675,406.2997
2020/11/5,403.6003,212776,401.3759,406.7222,406.2598
2020/11/6,410.8367,287809,407.7343,412.8718,410.4014
2020/11/9,411.6731,265827,409.2855,413.231,409.7157
2020/11/10,396.5977,397505,394.1277,402.5387,398.9915
2020/11/11,397.1253,175228,396.4776,398.7464,398.0679
2020/11/12,396.0814,230867,394.5968,398.1586,397.4366
2020/11/13,398.1242,178225,397.1857,399.556,399.4174
2020/11/16,399.663,182767,398.8404,402.3014,399.187
2020/11/17,399.1516,174547,396.413,400.989,398.8791
2020/11/18,397.6938,176236,395.5301,400.1036,396.2147
2020/11/19,395.511,190571,393.3151,398.0611,394.6815
2020/11/20,394.5651,189608,393.1444,395.6218,395.0984
2020/11/23,395.2577,164508,394.4616,397.1627,395.7002
2020/11/24,388.7352,302320,385.0702,395.3933,386.3879
2020/11/25,382.3662,239884,381.3191,384.1173,382.3378
2020/11/26,382.3413,163112,381.2534,384.282,383.0373
2020/11/27,382.5743,170915,381.7905,383.9991,383.1689
2020/11/30,376.1378,327678,370.5661,382.752,373.3331
2020/12/1,374.0589,197615,371.4749,377.1117,376.1479
2020/12/2,381.7715,221599,379.6921,382.5671,381.6674
2020/12/3,384.1385,210238,381.2576,386.3617,385.8428
2020/12/4,386.0509,194310,382.9031,387.5052,386.3805
2020/12/7,384.4697,218679,383.4359,387.0672,385.4346
2020/12/8,390.2393,236166,383.7919,392.0212,391.0283
2020/12/9,390.9679,190575,388.13,392.7696,388.9354
2020/12/10,385.2285,204464,384.5344,390.0736,385.1405
2020/12/11,385.2725,183472,384.1141,388.4731,384.7217
2020/12/14,385.6779,174813,384.1128,388.1114,384.8003
2020/12/15,384.0285,195906,382.5651,388.0258,387.7589
2020/12/16,389.069,184107,387.8047,391.0936,390.4864
2020/12/17,391.2181,184749,388.3444,393.1331,392.5444
2020/12/18,394.8749,211538,393.4951,397.3076,395.4878
2020/12/21,396.1261,229731,393.9644,402.6082,400.3902
2020/12/22,395.5083,235457,394.1273,397.5941,394.7074
2020/12/23,393.3145,202377,392.8259,397.1126,393.5958
2020/12/24,395.4461,179480,392.2649,396.3526,394.9681
2020/12/25,395.6563,148466,393.2208,397.1584,396.9246
2020/12/28,398.9281,177250,390.9019,401.0137,397.5496
2020/12/29,396.5124,280415,395.1156,400.2997,395.6031
2020/12/30,395.15,189006,393.8721,396.9597,395.4499
2020/12/31,398.207,200610,394.5151,399.4188,396.9373
2021/1/4,401.0234,120572,400.7662,402.4405,401.7398
2021/1/5,405.1359,246425,402.7254,406.1922,403.9165
2021/1/6,405.2957,236894,403.1917,406.4599,404.3886
2021/1/7,398.8868,279246,395.9346,404.1155,400.8838
2021/1/8,399.9787,205947,397.2237,400.7461,397.7482
2021/1/11,384.5256,344860,379.9254,394.5513,386.7962
2021/1/12,386.6362,211955,383.429,389.5207,389.0937
2021/1/13,388.2399,206524,385.5801,390.3507,389.1659
2021/1/14,388.4011,171505,384.2829,390.2673,386.4715
2021/1/15,389.04,200143,385.7915,390.2009,387.8037
2021/1/18,383.0902,225742,382.1238,388.7681,386.7812
2021/1/19,388.0549,105664,386.1783,388.5694,387.6334
2021/1/20,387.0569,150457,385.2979,389.5004,388.8308
2021/1/21,391.6352,208274,384.8493,393.0096,392.7639
2021/1/22,390.9265,156178,389.5829,391.9971,390.8921
2021/1/25,391.283,162892,386.693,391.8561,389.1598
2021/1/26,390.2456,163424,388.4655,392.6731,390.2382
2021/1/27,388.1482,156247,386.3688,390.6158,388.106
2021/1/28,387.7594,182100,385.562,389.9808,386.4321
2021/1/29,385.9161,235492,384.5415,391.0639,388.5239
2021/2/1,388.6354,325984,386.9787,393.5771,392.7588
2021/2/2,392.5794,226842,389.0374,394.295,389.6624
2021/2/3,384.5306,220772,383.6715,387.5148,385.3094
2021/2/4,384.3923,202228,379.8995,385.9143,382.4374
2021/2/5,377.3414,221268,375.3021,381.6983,378.0249
2021/2/8,381.006,194923,376.6979,381.7756,381.1145
2021/2/9,383.9628,154145,381.7254,386.0578,385.7373
2021/2/10,384.2733,132503,383.3669,386.6362,385.8394
2021/2/18,374.8654,90744,372.6697,375.2264,374.3866
2021/2/19,373.5527,226318,370.8811,376.6613,372.6923
2021/2/22,376.3045,228960,372.362,378.0501,376.928
2021/2/23,381.2319,193253,377.3984,382.0631,381.0016
2021/2/24,379.4227,185419,377.3097,381.1408,379.8137
2021/2/25,377.0311,252877,374.0811,379.2821,376.1636
2021/2/26,373.5455,309839,368.8016,375.4479,369.7113
2021/3/1,363.6731,349854,360.4956,371.144,368.3088
2021/3/2,363.26,305484,358.7198,366.6468,362.087
2021/3/3,364.5639,192829,361.9992,365.3297,363.8328
2021/3/4,360.4535,278325,357.6352,362.5128,360.6752
2021/3/5,356.8826,264815,354.9589,362.1725,356.924
2021/3/8,360.7555,235536,356.1696,362.3835,360.7577
2021/3/9,357.1672,202259,355.8342,359.9078,359.4697
2021/3/10,364.1771,231680,360.868,365.2782,363.2538
2021/3/11,364.6921,197805,362.6413,367.3979,366.3421
2021/3/12,363.6293,213148,360.8225,366.7067,361.1749
2021/3/15,364.9014,208756,358.9413,366.5763,364.357
2021/3/16,365.1753,160536,363.6601,366.6489,365.0509
2021/3/17,365.7139,171203,365.0957,368.0339,366.5985
2021/3/18,369.0572,206021,364.0684,370.4047,369.6995
2021/3/19,366.0868,221896,363.4855,369.1071,368.0407
2021/3/22,367.8938,183813,365.466,368.7949,366.1358
2021/3/23,367.4158,134562,365.4123,368.0022,367.2618
2021/3/24,365.1947,166197,364.6443,367.8526,366.7195
2021/3/25,367.6442,132504,366.308,369.2248,367.757
2021/3/26,367.7242,211423,365.7103,371.1168,366.8305
2021/3/29,367.8335,141717,365.9572,368.9367,366.9385
2021/3/30,364.414,206245,361.9074,367.7656,362.078
2021/3/31,358.1693,190162,356.5011,359.4628,357.9876
2021/4/1,362.7616,205553,357.9815,366.1496,365.5877
2021/4/2,368.0508,161505,366.2356,370.6146,370.5611
2021/4/6,367.9033,77431,367.1182,369.801,367.8961
2021/4/7,370.1916,140617,368.5237,370.8103,369.7276
2021/4/8,369.1831,166652,368.1415,371.8792,370.6428
2021/4/9,373.5137,187035,371.5121,374.5473,372.5093
2021/4/12,370.6209,184982,368.3733,371.5694,369.8785
2021/4/13,367.3187,176233,366.1632,369.6697,366.4125
2021/4/14,370.3146,165987,368.5812,371.2114,370.2708
2021/4/15,368.2013,184728,367.0059,370.2775,370.1803
2021/4/16,373.5119,191211,369.6123,374.6885,373.4484
2021/4/19,377.1593,185630,375.1233,378.0236,376.2694
2021/4/20,373.3734,172159,372.1265,375.4066,372.7687
2021/4/21,374.6798,170248,372.2734,376.7518,376.6258
2021/4/22,377.3682,176616,375.742,378.7671,377.0374
2021/4/23,375.702,173832,374.4447,376.8762,375.96
2021/4/26,374.1959,205315,372.7214,378.2056,373.9936
2021/4/27,374.3635,158498,372.8655,375.3083,374.4053
2021/4/28,373.0632,204720,371.7806,375.8804,372.2229
2021/4/29,374.8616,189845,371.6316,376.0279,373.549
2021/4/30,371.1482,210940,368.8787,373.9935,371.677
2021/5/6,373.0849,103621,372.8932,377.4456,377.0709
2021/5/7,380.6384,222954,376.3607,382.0573,381.3009
2021/5/10,382.0693,234110,381.3408,385.0833,382.6802
2021/5/11,382.4693,190641,381.5005,384.2129,382.3937
2021/5/12,382.9571,199928,379.3931,383.3842,383.2549
2021/5/13,381.282,238468,380.49,385.3729,381.5384
2021/5/14,382.3868,201721,380.5753,384.2281,384.0186
2021/5/17,386.1989,208855,383.8177,389.0697,388.199
2021/5/18,391.2318,234095,386.4976,392.5911,390.8935
2021/5/19,390.2528,226781,388.8775,391.6738,391.4865
2021/5/20,390.6939,329118,389.2758,395.2829,391.5268
2021/5/21,392.0076,205537,390.8266,394.2554,391.4854
2021/5/24,392.6027,272726,390.3155,395.1624,392.8792
2021/5/25,391.4055,226393,389.4579,393.2176,391.6443
2021/5/26,395.3254,279486,390.8036,396.9354,395.5533
2021/5/27,392.4534,220722,391.8833,396.2106,393.2812
2021/5/28,392.8364,237131,390.3172,393.6828,390.5893
2021/5/31,393.2455,219418,391.0884,394.8379,393.6532
2021/6/1,395.1103,154914,393.0116,396.5142,396.1933
2021/6/2,393.1058,258270,388.4558,396.388,389.4325
2021/6/3,391.0044,202806,386.2546,391.8245,386.9957
2021/6/4,378.1648,306321,371.8306,384.1209,382.218
2021/6/7,385.0263,181873,383.7547,386.5224,384.6559
2021/6/8,389.2883,159170,384.9514,390.2552,387.3558
2021/6/9,387.7484,150437,385.5468,388.3135,387.2174
2021/6/10,385.4781,182944,384.485,388.6931,385.9485
2021/6/11,390.2653,185381,386.8881,390.8565,389.5282
2021/6/15,383.4116,138101,379.8057,384.5026,382.3528
2021/6/16,380.2261,154488,379.4382,383.079,381.9429
2021/6/17,375.678,226262,374.1262,383.6745,375.5133
2021/6/18,371.1755,264044,369.2757,372.2291,371.386
2021/6/21,369.7443,255509,368.5071,372.0705,371.7377
2021/6/22,373.8444,181100,370.9159,374.3988,373.1515
2021/6/23,372.2061,112481,371.324,374.1258,373.7685
2021/6/24,372.7377,161927,371.5587,375.8586,371.6758
2021/6/25,370.9498,142242,370.2617,373.6448,371.1236
2021/6/28,371.142,180446,369.4361,373.3277,371.9082
2021/6/29,371.0421,121635,370.2134,372.4031,370.6048
2021/6/30,368.3599,187467,365.9677,369.275,367.2962
2021/7/1,369.455,168222,366.5696,372.1319,371.5266
2021/7/2,371.7928,143243,369.9394,372.9797,372.4642
2021/7/5,373.4414,179394,372.4161,375.7202,373.6793
2021/7/6,373.735,123279,372.0958,377.6021,377.2749
2021/7/7,375.8022,198280,375.1875,378.8177,377.0935
2021/7/8,377.4528,156451,375.8968,378.2454,376.442
2021/7/9,376.9494,192877,376.0232,380.5782,377.5707
2021/7/12,379.0536,135429,376.3441,379.7463,376.8321
2021/7/13,378.1003,149579,374.8281,378.9397,378.6189
2021/7/14,378.3698,151437,376.6612,379.8615,379.3245
2021/7/15,381.0086,150726,379.8071,382.4876,382.321
2021/7/16,381.7932,127639,379.9396,382.917,381.3327
2021/7/19,379.7153,182565,377.69,382.154,377.734
2021/7/20,379.4539,153388,378.0223,381.2596,380.5974
2021/7/21,378.4325,187700,377.4494,382.4119,379.2059
2021/7/22,376.6079,167844,375.5963,377.5176,376.2479
2021/7/23,377.8518,141740,375.1123,378.193,377.9654
2021/7/26,376.7999,144022,375.9625,379.4829,378.9915
2021/7/27,376.6426,139730,375.3304,378.4853,375.8019
2021/7/28,378.594,177944,377.508,380.6444,379.9106
2021/7/29,379.8133,156216,377.2422,381.7806,381.1485
2021/7/30,382.2058,132561,381.2096,383.0992,382.4634
2021/8/2,379.3455,172321,377.6264,382.0952,377.8523
2021/8/3,378.5858,119396,377.3729,380.1111,377.8659
2021/8/4,378.4538,102765,377.932,379.1445,378.7006
2021/8/5,378.3792,184168,377.1145,382.4021,378.1004
2021/8/6,376.4421,147483,375.6404,378.4285,375.941
2021/8/9,363.4067,272226,362.2272,371.7925,365.6296
2021/8/10,363.5017,181905,362.2324,366.0047,363.9806
2021/8/11,362.7421,161925,360.8837,364.2374,363.5681
2021/8/12,367.138,156555,364.6524,367.8593,367.223
2021/8/13,367.2115,133075,365.2,368.554,368.142
2021/8/16,372.6667,153366,369.0559,373.0525,371.3306
2021/8/17,373.7015,132495,371.9385,375.5252,375.0935
2021/8/18,374.2212,144889,373.2226,375.7819,375.4689
2021/8/19,374.496,171526,372.3185,375.2147,374.3931
2021/8/20,373.6045,148010,372.8009,376.2417,375.6043
2021/8/23,373.7035,164898,372.4437,375.432,374.9844
2021/8/24,377.7061,161285,376.36,378.5361,377.77
2021/8/25,376.133,146781,375.3301,378.8544,375.6848
2021/8/26,374.9231,166925,373.5465,376.5043,374.104
2021/8/27,375.9328,188922,372.4387,378.6279,377.9308
2021/8/30,380.2559,255385,374.6422,381.3193,379.2034
2021/8/31,378.3152,129930,377.6337,379.843,379.0065
2021/9/1,378.3984,179238,376.0576,379.5579,379.2832
2021/9/2,378.7289,134817,377.5512,380.8369,379.0862
2021/9/3,377.826,128578,376.7459,379.0743,378.732
2021/9/6,381.4126,184334,379.0527,382.2006,381.154
2021/9/7,380.9405,96120,379.0364,381.4321,379.6407
2021/9/8,376.091,209713,374.5232,379.474,375.1724
2021/9/9,374.0548,166947,372.1521,375.584,373.4255
2021/9/10,374.7647,176195,372.2583,375.9172,375.7212
2021/9/13,372.7829,166238,371.849,374.407,373.5545
2021/9/14,373.8925,127794,372.7479399,375.2452138,374.0625402
2021/9/15,376.1728,166094,373.2085177,376.8409331,375.1217538
2021/9/16,373.5955,173307,371.2349283,374.7324704,372.0360752
2021/9/17,366.5947,203743,364.622385,368.6949361,368.1746862
2021/9/22,371.3597,74587,371.2988093,373.4874538,372.8421293
2021/9/23,370.7031,149486,368.9713569,374.2340612,369.5668181
2021/9/24,366.2673,191697,365.5562229,369.2973776,367.0872619
2021/9/27,367.3122,167506,364.7594668,368.7121605,368.185357
2021/9/28,366.8522,158089,364.2417901,368.464103,364.5553255
2021/9/29,364.2478,192125,362.7367249,366.9351351,364.8017125
2021/9/30,363.4864,206831,362.0637961,364.983743,363.1985615
2021/10/8,367.057,77788,366.0081646,368.6690765,367.9035425
2021/10/11,367.9619,194127,366.3356912,372.5662765,366.4961231
2021/10/12,367.3087,124601,366.2987695,369.0348348,368.6300885
2021/10/13,368.5239,149167,367.4991307,370.0040757,368.5405175
2021/10/14,373.5266,248990,367.2349991,374.3047398,373.6817406
2021/10/15,374.2358,134534,372.7766921,375.9454532,373.050838
2021/10/18,369.4278,194230,367.4211951,370.507387,368.1134413
2021/10/19,368.3923,145752,367.4482606,369.3182597,369.2864192
2021/10/20,365.9597,190935,365.4828101,369.7129016,368.1882055
2021/10/21,369.7276,177242,368.16594,370.8106822,370.139485
2021/10/22,370.0488,149318,368.6204147,371.8633972,371.6304065
2021/10/25,371.2964,263260,369.0253318,374.9311917,370.7107306
2021/10/26,372.8,141440,371.9629724,373.4053301,372.2619333
2021/10/27,369.4718,204238,367.7234924,371.8423833,369.5263776
2021/10/28,370.8029,212666,368.9138789,373.6345918,373.3599896
2021/10/29,372.516,214378,371.084729,374.8456831,371.4803633
2021/11/1,369.959,188574,368.0095641,370.9167901,369.7650611
2021/11/2,371.5947,144433,370.2635462,372.724203,372.2928762
2021/11/3,370.9944,150995,368.6077119,372.0923753,369.0622582
2021/11/4,368.2831,188278,365.103205,368.7933288,367.6179169
2021/11/5,370.9815,174360,370.8246284,372.9835387,372.7386435
2021/11/8,377.0334,253573,371.7151575,378.775296,377.0638596
2021/11/9,378.2474,162961,376.7224979,378.8434477,378.4464528
2021/11/10,379.0255,166772,377.2408587,379.6109869,378.5876688
2021/11/11,383.1307,326808,377.6606325,387.0899282,384.5536606
2021/11/12,385.3143,174585,384.3605461,386.5425478,384.6944599
2021/11/15,385.7859,234723,382.6685681,386.2665677,383.1789143
2021/11/16,385.5605,184008,384.1418574,386.2924987,385.198388
2021/11/17,382.9752,242866,382.253461,388.6128558,383.5274501
2021/11/18,385.61,158646,383.9994724,386.0727572,384.7873065
2021/11/19,383.8666,177906,383.1711602,385.8333242,384.1465121
2021/11/22,382.3911,225452,380.3191506,386.0172585,380.5982806
2021/11/23,374.5339,294882,373.1964872,380.6838923,373.3972467
2021/11/24,371.0888,252243,369.4682552,371.9884994,371.3029568
2021/11/25,371.4795,233585,369.0485689,371.8055862,371.4152648
2021/11/26,370.9093,166317,370.0571698,373.7094097,373.2548735
2021/11/29,371.5518,292881,369.7493063,375.2615077,372.020654
2021/11/30,370.092,212553,369.0880261,372.0195596,370.912708
2021/12/1,367.3345,339409,366.3657322,373.5106277,369.5176466
2021/12/2,368.4207,220404,367.1912134,370.2252495,367.9122267
2021/12/3,366.8299,219446,365.2317423,368.5640081,366.8552972
2021/12/6,369.1411,233504,365.8772875,370.0272558,369.5771061
2021/12/7,368.7081,132158,367.9664596,369.7213816,368.7759806
2021/12/8,369.074,167507,366.8545532,369.8803598,369.2209245
2021/12/9,368.1888,152468,367.0222501,368.455379,367.6541491
2021/12/10,367.8628,189307,365.8581764,369.2561238,366.5498105
2021/12/13,369.0875,206143,366.8578964,370.4606701,369.0358465
2021/12/14,369.6464,132634,368.5056298,370.3308153,369.4047759
2021/12/15,366.61,206993,364.6553079,368.9869076,365.3139508
2021/12/16,366.7113,176340,364.7270007,369.0573964,368.9496611
2021/12/17,371.6268,242918,368.79015,373.8270085,373.6731464
2021/12/20,373.1195,164263,372.5619456,375.5935476,373.2456226
2021/12/21,371.0271,154552,370.2229261,372.8251897,370.6597896
2021/12/22,370.2758,148493,369.6462376,372.7444811,369.8325003
2021/12/23,372.6518,155040,370.1417223,374.1956523,373.7185887
2021/12/24,374.016,144996,372.1179148,374.8038169,374.4352573
2021/12/27,373.6946,78103,373.3822275,375.3716355,374.2307458
2021/12/28,374.3202,130147,372.6356254,375.4249964,375.3362212
2021/12/29,373.4537,144566,372.765836,376.2897183,373.5475197
2021/12/30,372.9531,163322,370.1121833,373.3032792,371.7781068
2021/12/31,375.181,159429,372.0365848,376.1212223,375.6905717
2022/1/4,373.1742,78254,372.5484169,373.7660965,372.7500388
2022/1/5,374.474,141502,371.7726441,374.931753,374.1031137
2022/1/6,373.6232,197988,370.7983202,377.0635176,371.4968262
2022/1/7,370.0819,177253,368.9606815,370.8440316,369.2543025
2022/1/10,369.8621,177501,368.1359628,370.8743037,369.6911525
2022/1/11,371.5444,157961,369.2742085,373.3212891,372.9519314
2022/1/12,374.9474,140148,371.9325238,375.584672,374.9798714
2022/1/13,375.3444,146726,374.5572498,376.4066033,375.8874307
2022/1/14,374.7418,141484,373.3056296,376.1810722,375.5945193
2022/1/17,373.6619,149410,372.973944,375.7444307,373.8176383
2022/1/18,373.9001,86240,372.6419883,374.2748407,373.1038566
2022/1/19,372.9835,179901,371.4977497,374.4438899,372.7418503
2022/1/20,378.1776,198871,373.4625316,378.5986869,378.1120829
2022/1/21,378.0905,149970,377.2451109,379.5031152,377.9264992
2022/1/24,376.6696,147852,376.1409933,378.5419792,376.9412851
2022/1/25,377.6584,152023,375.3738583,378.1962277,377.6893338
2022/1/26,378.7683,153023,377.2035369,379.9527467,378.3322275
2022/1/27,373.7142,197392,371.1504768,378.5667343,371.4049345
2022/1/28,369.9732,162833,369.2654859,372.4342309,370.0570599
2022/2/7,372.8497,59109,371.822394,373.1082174,372.0026699
2022/2/8,374.2732,110192,372.7546321,375.2240191,374.6872998
2022/2/9,376.0757,101264,374.4195415,376.7200163,376.5337315
2022/2/10,377.1189,106726,375.5910638,377.8306506,377.3208881
2022/2/11,375.7847,172385,374.8588823,378.4162464,375.1839811
2022/2/14,381.5835,177509,375.1981483,383.1306644,381.9091358
2022/2/15,384.3589,184485,381.1834376,385.8331392,385.4944275
2022/2/16,379.203,166842,378.1745534,380.1526398,379.8373376
2022/2/17,382.4108,144952,379.1482193,384.1267649,383.5135361
2022/2/18,388.1253,207902,385.5558974,388.2752313,386.6385054
2022/2/21,387.5827,187813,385.7535714,388.7708157,386.0030902
2022/2/22,389.5828,142616,386.815382,391.409974,390.7496486
2022/2/23,388.0591,157616,386.5804096,389.0700008,387.5807337
2022/2/24,389.9327,242164,386.8334315,397.4157086,396.1260273
2022/2/25,391.183,351284,389.1675653,401.6967095,391.5268007
2022/2/28,391.5549,282376,384.7208619,392.5225352,389.2663901
2022/3/1,388.5218,230681,386.0428041,391.4106062,389.3704074
2022/3/2,394.235,278958,390.2089209,395.3383195,394.7996989
2022/3/3,393.5285,251080,391.2661427,394.8071888,393.4906789
2022/3/4,397.1529,249938,392.7644673,397.4126333,394.9415494
2022/3/7,403.5924,334571,395.6764097,406.8336311,403.662569
2022/3/8,404.6953,331135,398.7239038,413.1808074,412.6184641
2022/3/9,414.6512,439330,408.17813,420.9607898,417.4857729
2022/3/10,402.832,352617,400.0999577,410.6038773,404.434347
2022/3/11,406.14,252191,404.0068601,409.1937498,405.1420144
2022/3/14,404.6661,253552,400.6522912,406.8532,402.8981389
2022/3/15,399.1533,224727,393.496634,401.5085634,394.7879827
2022/3/16,393.8025,201547,391.1871319,395.3476865,391.5144435
2022/3/17,394.3487,198592,388.8940865,396.7110763,395.9006273
2022/3/18,397.2788,160647,395.7491536,398.986456,396.347515
2022/3/21,394.7135,155957,394.1914028,397.4988851,395.1740676
2022/3/22,396.5886,132850,393.7180926,398.4413897,397.5365971
2022/3/23,394.7741,135062,393.2388032,396.4925438,395.1151594
2022/3/24,400.3303,137265,396.7286205,401.3136452,399.39878
2022/3/25,403.4879,160800,400.2292885,404.0356131,402.0731955
2022/3/28,402.9057,164341,397.9062784,403.4242427,398.1386209
2022/3/29,395.8587,119526,395.2293334,399.5759893,395.9696984
2022/3/30,394.841,174938,389.2410183,395.9523325,395.1619732
2022/3/31,396.0878,126287,393.0758293,397.5967865,394.7734194
2022/4/1,395.4475,131654,395.1752132,398.6279154,396.6734989
2022/4/6,394.6027,57369,393.9294576,396.201897,394.9472547
2022/4/7,395.3318,109865,393.9684639,396.4030034,395.4336212
2022/4/8,397.0824,121311,395.7733983,397.8207442,396.5958886
2022/4/11,399.5786,162807,397.0027522,400.6740672,400.1199218
2022/4/12,401.4048,154189,399.3123082,404.0591528,402.2584155
2022/4/13,403.1699,169664,402.5050003,405.1836468,404.1847907
2022/4/14,405.0481,121307,404.3886975,406.5502556,404.7945452
2022/4/15,405.7739,142890,403.2693567,406.7089721,406.3480234
2022/4/18,408.5442,96219,405.4164874,408.9426536,408.5148823
2022/4/19,405.8148,142567,405.1341177,409.5694256,405.6160949
2022/4/20,401.7032,215633,399.9178058,405.8018935,400.6319116
2022/4/21,404.5541,137846,402.3406889,405.7144468,405.6284977
2022/4/22,405.4466,173025,403.3078241,407.735294,407.3573484
2022/4/25,404.7984,241781,403.7920229,408.3532722,405.1026873
2022/4/26,401.4071,204068,400.187246,403.209654,401.9334142
2022/4/27,402.6286,180012,401.5420936,404.5833669,401.7500207
2022/4/28,399.4,223207,398.5602559,402.0476839,401.6691149
2022/4/29,405.0269,190595,401.8918279,407.9091116,406.6070078
2022/5/5,403.5785,78283,403.2366695,405.8880933,405.3244344
2022/5/6,402.9069,217809,402.0058825,407.6372315,404.3975396
2022/5/9,406.6831,165669,404.2166138,407.3427074,406.1256544
2022/5/10,403.4595,189218,402.8699887,406.5334922,403.090859
2022/5/11,399.6975,189281,398.8152775,404.9483286,400.7614967
2022/5/12,404.0345,198170,400.3306881,405.4040074,405.0980514
2022/5/13,400.4805,194942,400.266534,405.202269,400.6194496
2022/5/16,397.7957,216731,395.8496195,399.0495416,396.7932631
2022/5/17,399.1647,160516,395.6043843,399.5145109,399.1830897
2022/5/18,395.628,169832,394.3158322,398.2346861,394.5441108
2022/5/19,396.4582,142152,394.5044401,397.4692768,396.2500903
2022/5/20,398.3452,187142,397.7346814,400.0237619,398.4998872
2022/5/23,399.334,173645,396.147104,400.4216677,398.4716441
2022/5/24,398.5349,134360,397.1720265,399.849708,399.3979765
2022/5/25,400.626,147495,399.7350534,401.4437899,400.136784
2022/5/26,400.4594,164483,399.2040915,401.8968321,401.6845755
2022/5/27,402.8049,167034,401.1776394,403.881216,403.723519
2022/5/30,401.0875,166548,400.0931515,402.7818459,400.4810922
2022/5/31,399.154,123076,398.4958984,401.1672728,399.6518405
2022/6/1,396.4225,154369,396.0293982,400.1401635,396.9103154
2022/6/2,399.1821,148732,397.398441,400.4057963,399.6415404
2022/6/6,397.8746,44610,397.7135585,399.2830678,398.6456195
2022/6/7,396.2559,120132,395.8303997,398.106143,396.7470369
2022/6/8,398.5053,113167,397.6225104,399.4510422,398.7586058
2022/6/9,400.2965,105177,399.3736321,401.1483149,399.4996508
2022/6/10,399.3571,113760,397.8517308,399.8288254,398.2763307
2022/6/13,406.3283,283373,397.1413669,406.825007,404.9668934
2022/6/14,398.5151,239948,396.9702637,402.4625087,397.5211518
2022/6/15,394.5691,183929,394.2912471,396.6725764,395.1458716
2022/6/16,396.6958,172186,394.0324397,397.6738324,396.4380825
2022/6/17,398.5393,175093,395.9581655,399.4938317,399.1878227
2022/6/20,398.4206,164219,397.3698514,401.0786669,397.6586681
2022/6/21,397.6602,94819,396.6547671,398.1519469,396.8924507
2022/6/22,395.9693,134805,395.8161308,398.4457918,396.7819251
2022/6/23,397.6351,154649,396.9675593,400.1501714,397.3386
2022/6/24,394.6309,207809,393.7564925,399.1702736,394.2582804
2022/6/27,395.0125,168645,393.1101728,397.0677654,397.042741
2022/6/28,395.1233,170861,393.9515031,396.8219113,394.6991372
2022/6/29,394.5192,143448,393.9918009,396.158247,394.1388962
2022/6/30,394.7194,185952,393.1186995,396.7912668,393.6003104
2022/7/1,391.3288,212511,389.4026878,395.2654115,389.9820295
2022/7/4,391.6431,194776,387.7283943,392.3827439,391.9576606
2022/7/5,391.8408,96873,390.9150044,392.2581895,391.6767807
2022/7/6,384.5592,255392,382.7349414,391.2453848,383.9203896
2022/7/7,377.8824,263546,376.0904779,383.7490564,378.4965769
2022/7/8,377.6884,159786,376.7225967,379.1450035,378.1439197
2022/7/11,378.0378,194397,376.6884313,379.7983851,378.2159157
2022/7/12,377.3343,214352,375.5926189,380.8640338,377.9688402
2022/7/13,376.2816,213330,374.9367617,378.062036,375.4120416
2022/7/14,377.1861,283103,373.2206574,379.7162183,375.8051813
2022/7/15,373.6032,240350,372.0237766,375.4015724,373.2427529
2022/7/18,373.2963,209580,371.7432683,375.4110918,374.7823728
2022/7/19,373.8341,160431,372.9078315,375.8240928,373.6932205
2022/7/20,374.1299,138850,373.1993823,374.8318933,373.4034696
2022/7/21,371.9761,171807,369.7439559,375.0870502,370.1504818
2022/7/22,375.9047,231862,371.7077037,376.5654997,375.8974423
2022/7/25,376.1211,180473,375.9729016,379.5960846,377.1065092
2022/7/26,376.3412,127866,375.1443805,377.7310071,377.334085
2022/7/27,376.4631,120310,375.7741326,377.0223819,376.5997658
2022/7/28,379.7192,162109,375.0117213,380.7061933,380.6492906
2022/7/29,383.8338,202098,380.803605,386.4228283,386.0158198
2022/8/1,385.8309,164569,383.7282213,386.5514918,385.7719986
2022/8/2,390.7379,167040,387.1422255,391.0675672,389.1736903
2022/8/3,385.3135,215707,384.5693133,391.5045107,387.2666526
2022/8/4,386.4334,158779,384.7556803,388.5223028,387.8722041
2022/8/5,391.2472,133246,388.1237647,391.9432209,391.0730259
2022/8/8,388.4872,119304,386.6553227,389.4192451,388.7511531
2022/8/9,391.0802,101634,389.5946734,391.3665452,390.4807726
2022/8/10,391.8263,107446,391.0325997,393.2033034,391.2190883
2022/8/11,390.3172,120915,389.1511004,392.4571326,389.6414755
2022/8/12,390.2233,93965,389.845621,391.9122993,391.2562376
2022/8/15,392.6378,119540,390.8655591,393.2220908,392.0539545
2022/8/16,391.4916,105123,389.515607,391.8002011,391.5571178
2022/8/17,389.9335,96155,389.6418348,390.8951166,389.9833451
2022/8/18,387.6788,106022,386.8340136,389.593873,387.8613596
2022/8/19,387.0112,117933,386.609583,389.0346652,387.6452445
2022/8/22,386.8729,102271,386.1438439,388.737127,386.3858431
2022/8/23,386.9298,92831,385.1219187,387.9121937,387.3634543
2022/8/24,388.3606,93029,386.625851,389.6653937,389.6103375
2022/8/25,390.3222,84499,388.7125527,391.1505899,390.9172749
2022/8/26,390.4288,114876,389.813563,391.7850335,391.4502842
2022/8/29,389.1098,152155,387.6548613,391.3051505,388.1790052
2022/8/30,390.2448,89046,389.4885635,391.0392682,389.5722733
2022/8/31,388.1116,107110,386.9312058,389.4371271,387.248306
2022/9/1,385.3137,144010,383.3213486,387.1445666,384.060138
2022/9/2,382.8509,123455,381.4623604,383.6237842,383.3710129
2022/9/5,385.1058,114406,383.8826703,387.8944075,387.1970257
2022/9/6,388.9524,76366,386.7349613,389.4328093,389.297302
2022/9/7,386.0748,111301,385.5001321,388.7272629,386.6658517
2022/9/8,388.8356,106713,386.5299272,390.0101902,389.7676966
2022/9/9,388.0222,122615,387.038925,389.7877086,389.7770673
2022/9/13,389.6762,48012,389.0502108,390.4644399,389.9138834
2022/9/14,387.6861,126858,386.9409327,388.860512,387.4038926
2022/9/15,386.8846,118547,385.2633615,388.7788366,385.4893454
2022/9/16,383.7975,176158,383.2700367,386.9885775,383.9791803
2022/9/19,385.1407,135192,383.8318066,386.3545729,385.0068061
2022/9/20,386.0379,103118,384.3549114,387.313877,386.1477454
2022/9/21,385.3848,108020,384.464051,387.6411516,387.190647
2022/9/22,386.2974,115027,384.5786,387.5560689,386.35418
2022/9/23,387.5973,118015,386.8350564,388.9241546,387.9659468
2022/9/26,383.516,188855,383.1193552,386.8596809,384.7362554
2022/9/27,383.7488,138455,382.7837248,385.8245878,385.2288712
2022/9/28,384.7975,146382,384.6124365,386.295246,386.2166285
2022/9/29,388.4333,186550,387.6997711,390.1425233,389.8206254
2022/9/30,389.2854,152879,387.5697352,391.1577256,390.9232515
2022/10/10,397.0897,91024,393.0703692,397.9854868,393.3854538
2022/10/11,392.2206,121483,391.4799507,393.1556418,392.8504448
2022/10/12,391.9658,123458,391.6531839,393.9827016,393.1153871
2022/10/13,393.4873,95014,392.7191468,394.0399203,393.1236831
2022/10/14,392.2685,204472,390.3349293,393.0550781,392.4615764
2022/10/17,390.6928,136811,389.6659615,392.1642705,390.3083983
2022/10/18,390.3103,110516,390.0517638,392.9707585,390.8385167
2022/10/19,391.0993,101407,389.914157,391.5332461,390.2240574
2022/10/20,389.1822,131269,387.8758793,390.3398467,388.1481123
2022/10/21,388.3703,116349,387.2230246,389.5473089,387.5587143
2022/10/24,391.9259,212172,388.3489992,392.9006562,392.8104815
2022/10/25,393.6075,135120,392.7638264,394.9925859,393.9411694
2022/10/26,393.414,137832,393.2933347,395.049064,393.8012155
2022/10/27,392.0879,136852,391.7626822,393.2718931,392.9688242
2022/10/28,393.9105,111563,392.79849,394.0245252,392.969878
2022/10/31,391.2781,120474,390.4826208,392.1677876,391.8928927
2022/11/1,391.3832,118458,390.500817,392.3781845,391.5152
2022/11/2,392.7129,120201,391.0861431,393.1368582,392.2190837
2022/11/3,391.6427,137767,390.8974061,394.2228698,391.0343936
2022/11/4,390.3917,142701,388.6831812,391.3494438,390.8625121
2022/11/7,394.0452,181267,390.4547093,394.8141448,394.1986441
2022/11/8,394.2022,138797,393.9993906,395.7526794,394.9940852
2022/11/9,401.5998,216260,395.0001949,403.5613809,403.4854192
2022/11/10,402.7032,163063,402.0481765,404.4822847,403.7295276
2022/11/11,409.4778,252737,403.4372055,416.7335776,406.9507227
2022/11/14,406.8588,171975,403.078315,407.9286652,403.5861231
2022/11/15,405.3484,161347,403.7433871,406.963394,404.948592
2022/11/16,406.2689,191636,404.6458233,407.708071,407.0973097
2022/11/17,407.159,165183,406.9184221,408.9844523,407.7408762
2022/11/18,407.3323,152840,406.8018352,408.4969352,407.4451837
2022/11/21,404.8212,167474,404.1202903,407.0272081,405.3163482
2022/11/22,404.7601,157044,404.0502149,405.6629737,404.9688601
2022/11/23,404.4866,135408,404.1508895,405.6010269,404.7598578
2022/11/24,406.4473,198258,402.8823981,407.377272,406.4544088
2022/11/25,407.1705,139061,406.8025051,408.1783732,407.6194417
2022/11/28,409.0415,190437,406.7239531,409.9099458,408.1265717
2022/11/29,407.0877,194556,405.9646549,409.0881512,406.6965829
2022/11/30,405.2065,169690,404.8115973,407.4959681,406.2258911
2022/12/1,405.3772,228888,401.4048405,407.4428691,407.2031642
2022/12/2,409.8892,199838,407.7314172,410.2798301,409.8958086
2022/12/5,408.0408,198724,405.694943,409.213823,405.8884985
2022/12/6,402.2983,204633,401.5789343,404.7051085,401.9523767
2022/12/7,401.9963,135566,401.0076157,403.7965794,401.2838778
2022/12/8,403.0646,135340,401.4437903,403.1592598,402.6563592
2022/12/9,403.1339,153293,402.6024909,404.5825999,403.7173025
2022/12/12,404.7214,175334,403.2364728,406.7351921,403.5363955
2022/12/13,403.0832,125804,402.7828572,404.1012114,403.7354955
2022/12/14,407.7633,231166,404.060627,409.4851436,408.2833131
2022/12/15,407.0369,140716,404.1731474,408.3823482,405.1289865
2022/12/16,402.8575,171808,401.6572325,403.628857,403.1757279
2022/12/19,404.7555,157930,403.3582052,406.7125752,405.7468659
2022/12/20,404.4916,139770,404.0769944,406.2203228,405.9214708
2022/12/21,410.0386,177706,406.901145,410.6456758,409.926402
2022/12/22,410.9414,128249,410.0298655,411.7649629,410.3198866
2022/12/23,407.1565,170484,406.1610844,411.5860102,407.216799
2022/12/26,408.3017,158014,407.3220794,409.2174289,408.0605929
2022/12/27,408.1853,102642,407.2323583,408.8309738,408.7943686
2022/12/28,409.9169,165891,408.2718318,413.1429632,409.4308936
2022/12/29,409.9976,125942,408.3815996,410.4978933,409.0290738
2022/12/30,410.2789,136829,408.9884427,411.4775132,411.3851182
2023/1/3,411.8216,112226,409.7958219,412.2999564,411.1825302
2023/1/4,412.5111,185241,410.6262113,413.7116544,413.1522719
2023/1/5,414.1596,182422,412.3917014,415.811273,412.5115971
2023/1/6,410.0937,202026,408.5561366,412.7837441,409.5802738
2023/1/9,413.5695,213660,409.0415837,414.6265478,414.0420773
2023/1/10,412.4348,146738,412.2364808,414.3038472,413.7360047
2023/1/11,414.2127,130219,413.5612558,415.2223313,414.8689014
2023/1/12,413.2034,145301,411.6213312,414.9932232,414.677666
2023/1/13,415.2994,193106,413.1337773,416.3446396,415.2892386
2023/1/16,417.9332,175077,414.9042271,419.4491027,417.3649762
2023/1/17,419.2346,115431,417.9238445,419.7159452,419.0579193
2023/1/18,419.0503,172983,417.1549948,420.9940469,418.4350604
2023/1/19,418.694,178823,417.7046146,421.5141081,419.7330071
2023/1/20,423.6165,153298,419.973014,424.3734444,423.5668635
2023/1/30,421.7529,81871,421.2838455,423.0686646,422.8665791
2023/1/31,421.4649,157510,419.284825,422.5090139,419.6919573
2023/2/1,422.0555,144981,418.1984184,422.7043123,421.7884238
2023/2/2,424.5504,158939,420.682403,425.8917971,425.0690166
2023/2/3,419.1164,220230,418.3408078,426.1646762,419.6528516
2023/2/6,414.837,279958,413.1416743,419.6321478,414.0941452
2023/2/7,413.2632,152104,412.5650752,414.0876608,412.9872465
2023/2/8,412.9861,163446,411.8010922,414.4936372,413.0189431
2023/2/9,413.1549,157736,411.9674472,414.4948572,413.852981
2023/2/10,411.0187391,198154,410.1410809,414.995108,411.132528
2023/2/13,412.6198242,137796,411.5320091,413.9692301,413.4803992
2023/2/14,411.1315868,135988,410.6741731,413.3194869,413.1446619
2023/2/15,413.3728842,256156,411.3111146,414.386183,412.0308989
2023/2/16,411.3604523,142186,410.5782721,412.0518533,411.8599468
2023/2/17,411.2415194,171491,410.3805359,412.8423767,410.664257
2023/2/20,412.545889,152951,410.6870789,413.4379829,412.7667352
2023/2/21,412.5770095,87436,412.0713008,413.3742584,412.174592
2023/2/22,412.8371527,139188,411.7798676,413.6976873,413.3663645
2023/2/23,411.7614505,132577,411.5906198,414.6570539,412.4189936
2023/2/24,412.6851183,180449,411.0081138,413.9605854,413.6196849
2023/2/27,413.3550436,147782,412.5516593,413.8584704,412.7794229
2023/2/28,413.7880234,148767,412.7429089,414.0874986,413.370824
2023/3/1,414.7655338,172696,411.9817415,415.3830609,414.7824326
2023/3/2,413.5932549,153429,413.289359,414.8051706,414.3731909
2023/3/3,415.4950613,144625,414.5737551,416.5068594,416.3653313
2023/3/6,418.1704941,148042,416.4365378,419.4736152,419.2658246
2023/3/7,419.2125977,105168,419.0212798,420.3554825,419.7074232
2023/3/8,415.8901183,187828,414.6226431,418.5837727,414.8997999
2023/3/9,414.6664514,115070,414.157274,415.508648,414.8706008
2023/3/10,417.7304108,145509,415.2584404,417.997101,417.6453274
2023/3/13,422.6738529,273216,416.7063281,423.6431003,421.2707951
2023/3/14,425.8979288,274392,423.1261873,426.8340929,426.4547945
2023/3/15,425.6053802,197114,424.6729138,427.0632805,426.6318343
2023/3/16,429.6335478,314192,428.6071989,434.6901406,430.6351028
2023/3/17,430.7141839,255522,429.6652558,433.8097166,432.5642056
2023/3/20,441.2849159,409444,435.1902344,446.0774909,445.1821584
2023/3/21,443.055861,293778,440.1487923,444.4119482,441.7953481
2023/3/22,435.0758671,320503,433.6528751,439.8501034,435.6893721
2023/3/23,439.7368877,262020,434.1804086,440.1798021,438.662554
2023/3/24,441.7724359,263237,437.6978528,442.6136887,440.9988496
2023/3/27,439.5526565,289348,438.3258622,444.7420844,438.4587446
2023/3/28,436.5316524,234304,434.399621,437.6606559,436.5191812
2023/3/29,439.4170769,204691,436.745381,440.516279,438.1249501
2023/3/30,438.3369711,206094,437.4988369,440.1128411,439.2898639
2023/3/31,440.6953421,229861,438.092135,441.9361281,441.6703524
2023/4/3,438.0167605,268549,435.1377372,441.7231378,436.1822276
2023/4/4,440.5556422,242797,439.159447,442.2774093,441.2345948
2023/4/6,448.2294026,114337,446.6303374,448.4815773,447.7577089
2023/4/7,446.3706491,195017,445.315209,447.9538656,447.8422994
2023/4/10,444.8723693,173580,442.2504159,447.3814097,443.4396359
2023/4/11,443.2165856,222364,441.7619867,445.8453979,445.5333919
2023/4/12,446.7857028,258549,444.7547686,450.8434249,449.5698812
2023/4/13,448.7264397,252894,446.1844097,450.8916443,449.4738647
2023/4/14,453.1735597,303481,450.698397,453.923924,451.7900889
2023/4/17,445.1574934,379691,443.03798,450.4198161,446.9210245
2023/4/18,444.221694,262937,441.5873428,445.7821,445.2291654
2023/4/19,446.7348445,270080,444.0470996,447.8829306,444.9741905
2023/4/20,445.0133672,267901,442.0678489,446.1857489,445.5314065
2023/4/21,446.2259818,259380,442.7012761,447.6209004,443.5603339
2023/4/24,442.5379018,324388,440.7878591,445.8712892,442.3514927
2023/4/25,444.9914224,246921,441.2374227,447.8854033,446.1624663
2023/4/26,448.4209264,232996,445.2913757,449.8289702,447.6316152
2023/4/27,447.0711604,278473,445.9896628,450.1397474,448.5687632
2023/4/28,445.8359714,278572,443.9091105,446.8955053,445.3216246
2023/5/4,458.4023015,207226,454.7615659,459.8615,455.3964448
2023/5/5,458.0025297,312846,455.2818196,459.9863649,457.995834
2023/5/8,451.1608402,341189,447.9460871,452.7040128,452.5809348
2023/5/9,452.3927697,211133,451.6750755,454.3143831,453.3782015
2023/5/10,455.49209,205651,453.2052682,455.9649616,455.1607166
2023/5/11,455.9472232,251737,453.5656872,457.6664435,455.099529
2023/5/12,453.2436612,326360,450.8656471,457.3934905,451.8148719
2023/5/15,453.376066,263175,452.4522737,454.8846524,453.7467115
2023/5/16,453.6491809,228216,451.6520728,455.0062219,452.6094208
2023/5/17,450.4041609,302801,449.0826791,454.4199228,450.6398895
2023/5/18,449.7394216,259925,447.8814583,450.6535622,449.8807221
2023/5/19,447.2492885,286095,446.6128325,449.2196633,448.0852789
2023/5/22,450.6840649,312479,445.728652,451.3271638,449.9657035
2023/5/23,449.0302138,226615,447.7581659,450.9108191,448.1088559
2023/5/24,450.9450551,263231,447.6319277,451.8395743,450.4192794
2023/5/25,448.2994408,295707,447.6550244,451.6194822,448.5613225
2023/5/26,445.6280961,309943,445.2421533,447.8918701,446.1360591
2023/5/29,445.4731841,234099,444.2987348,446.9457304,446.2338715
2023/5/30,445.8339633,196557,444.5528808,447.0122458,445.2750083
2023/5/31,449.4280886,288522,447.8831257,452.3164033,451.47392
2023/6/1,452.5596144,247469,451.125906,454.3492717,451.5760731
2023/6/2,453.884855,194547,452.3821721,454.8720271,452.8845904
2023/6/5,448.6516476,273049,447.242909,452.9765539,447.9936035
2023/6/6,451.1236649,190377,447.9810547,451.5918936,451.0127323
2023/6/7,452.5463532,185838,450.8290775,453.1036918,451.8028425
2023/6/8,449.4504502,282156,448.794043,453.2330573,449.2977149
2023/6/9,451.9858343,203969,451.1777511,453.1520164,453.1125071
2023/6/12,452.6319387,206295,451.8378703,453.9606716,453.2784235
2023/6/13,453.0281784,202687,451.3162244,454.7086539,454.4449952
2023/6/14,451.4492042,242487,450.3224468,454.4427051,451.6977066
2023/6/15,450.2808167,257979,447.856815,453.4006154,447.9610845
2023/6/16,451.0954555,238179,447.6217633,452.3445775,451.3214093
2023/6/19,451.4220047,215916,450.4746956,452.6511302,452.089491
2023/6/20,451.8901954,139451,451.3359594,452.8792305,452.6486199
2023/6/21,450.4685473,261208,448.9577408,451.9020192,450.8011028
2023/6/26,449.4790615,98340,449.2850434,450.5976,450.2172012
2023/6/27,450.920158,224566,449.2450471,452.3343159,449.974557
2023/6/28,448.136306,312107,447.3002705,450.6017282,448.3575657
2023/6/29,448.4954369,235280,448.0884559,449.7251615,448.750478
2023/6/30,449.7585189,253034,447.0990179,450.1875958,449.7873119
2023/7/3,451.7947732,238493,450.233349,452.3256344,450.6366004
2023/7/4,451.1752806,196442,450.61126,452.6903605,451.1144318
2023/7/5,451.3252397,117741,450.708135,452.1151702,451.8596028
2023/7/6,451.3332115,254877,451.1609802,453.9867338,451.8364539
2023/7/7,450.0780028,291687,448.7634491,451.1546976,450.9811941
2023/7/10,451.7045696,260513,451.2253821,453.1752317,452.2762732
2023/7/11,452.1484848,265098,450.5118357,452.9895162,452.398151
2023/7/12,452.6005705,229208,452.0450732,453.211783,452.3806472
2023/7/13,455.414324,324856,452.6722457,456.8163777,456.5746888
2023/7/14,455.2461308,279068,453.6282323,456.5973342,454.2876142
2023/7/17,454.5741958,262067,453.7997766,456.4067581,455.6146834
2023/7/18,455.9675415,213182,454.5204191,457.2773333,457.2113763
2023/7/19,461.0680693,336213,458.0695718,463.4523589,462.7425846
2023/7/20,463.2062671,245223,461.4365804,463.9561007,462.2731136
2023/7/21,460.0175972,263609,459.2886191,461.3129334,459.7299301
2023/7/24,458.649714,243804,457.9732717,459.6600649,459.48484
2023/7/25,457.9444039,285843,457.1129992,460.3812529,457.2621576
2023/7/26,457.9126256,231239,455.7328666,459.2184534,459.0940663
2023/7/27,458.7409877,237055,457.9873891,460.7973164,460.2314614
2023/7/28,456.3315821,353086,455.7150629,458.5232762,456.7540514
2023/7/31,457.1907895,227665,455.9874405,457.973603,456.4601512
2023/8/1,457.9153221,183468,457.8114903,459.1217406,458.092
2023/8/2,457.0134518,200453,455.7730025,457.9456555,457.6526942
2023/8/3,455.7319159,196994,455.4989992,457.3716334,455.5583523
2023/8/4,454.7690752,195416,454.1902946,455.9118952,454.9087624
2023/8/7,456.3105549,204451,455.431517,457.3265158,456.1674553
2023/8/8,456.0834849,137298,454.9742705,456.6510162,456.1668665
2023/8/9,455.8438067,183962,455.2013821,456.7630881,455.8704105
2023/8/10,454.2935364,201130,453.6204761,455.9866042,454.1367675
2023/8/11,454.6727295,220364,454.2829385,456.2531393,455.9837693
2023/8/14,455.6633119,145727,455.5078832,456.6969658,456.1733098
2023/8/15,455.5000735,158399,455.1325239,456.4296699,456.2448633
2023/8/16,456.7671963,182206,456.2820427,457.6881957,457.4048165
2023/8/17,456.4297116,158015,455.8715918,457.8820644,457.1395849
2023/8/18,456.0385506,184525,455.1026167,457.3060288,455.426555
2023/8/21,455.3664993,182465,454.874234,457.7399519,457.3222258
2023/8/22,456.8330254,159531,455.7702902,457.2604665,456.8003402
2023/8/23,457.4158649,182734,456.1664517,458.5342108,458.2151158
2023/8/24,459.7737732,182440,458.2330127,460.8537317,460.2830858
2023/8/25,459.3433337,170610,458.834241,460.1845783,458.9108695
2023/8/28,459.1306483,219939,457.9022013,459.9544242,459.0922785
2023/8/29,459.8616759,162137,458.853018,461.223611,460.6266271
2023/8/30,461.6475436,238318,460.0466339,462.7294636,462.1334987
2023/8/31,462.8775724,172997,462.3734321,463.8583969,463.7014876
2023/9/1,462.0662171,187316,461.6770657,463.3987678,463.0089942
2023/9/4,463.5434414,232471,462.09967,466.1536711,464.9344918
2023/9/5,463.761298,139266,463.2909183,465.5615149,465.0534849
2023/9/6,463.8350564,152288,463.7436219,465.1845938,464.3614798
2023/9/7,464.142197,168606,463.522514,464.8434077,464.2569785
2023/9/8,465.4334122,178882,464.1165087,467.6863529,466.9606872
2023/9/11,467.1269611,198051,466.0428277,468.0525034,466.6683461
2023/9/12,466.3416324,146994,466.0414372,467.374401,466.9069866
2023/9/13,466.7616663,187696,465.6599694,468.739099,467.7402924
2023/9/14,467.9296408,258845,466.9799954,472.9964925,472.0894876
2023/9/15,477.3760701,451713,467.1605585,480.3101691,469.85239
2023/9/18,471.2178695,320030,466.0265483,473.2312691,467.4465838
2023/9/19,467.9700531,162878,466.5907547,470.4320152,469.972032
2023/9/20,470.3645381,193799,469.6747729,472.882163,471.5285911
2023/9/21,471.0577937,178531,470.3174721,473.1264847,471.0167358
2023/9/22,470.788205,234005,468.2618439,472.1647559,470.6080914
2023/9/25,470.4982507,150434,469.7888123,471.9544064,471.6613686
2023/9/26,470.590266,160482,470.5338742,472.4154279,470.7785303
2023/9/27,469.3719474,251826,465.1054999,470.9574704,467.2072712
2023/9/28,463.7338427,342526,455.2999558,466.0698083,459.8282111
2023/10/9,454.9688663,163553,452.5693885,456.4194107,455.4892865
2023/10/10,453.9611767,253518,450.7875902,455.3356989,451.294061
2023/10/11,451.5508495,169932,450.0996697,452.1811035,451.1509451
2023/10/12,452.5463588,163733,451.7589555,454.8478861,454.5173329
2023/10/13,453.57348,146749,453.2917907,456.0544369,455.6783048
2023/10/16,464.6766348,287169,460.5016875,466.4792377,461.9892969
2023/10/17,463.4970816,132972,462.4653953,464.3155942,464.2180567
2023/10/18,465.8483342,207356,464.8098894,469.0278346,468.6978299
2023/10/19,471.1514911,259416,469.0456466,473.0174423,472.07264
2023/10/20,476.9312259,300525,472.2892435,478.396346,477.5106969
2023/10/23,475.0765103,308140,474.354374,480.2459725,476.7789793
2023/10/24,475.5252978,184769,475.365773,477.5276826,476.0040598
2023/10/25,475.2162395,216793,473.0785016,476.3150101,474.915192
2023/10/26,477.8062967,269827,473.6538783,478.2891691,477.7418901
2023/10/27,478.0713313,270530,475.302048,479.050865,478.2434241
2023/10/30,482.9052723,273875,476.8897519,483.8472951,479.2444223
2023/10/31,480.1085512,239173,479.0657267,481.3030548,479.7674498
2023/11/1,477.689993,290702,477.065287,482.2343185,477.9775267
2023/11/2,478.1864894,200790,477.1593084,479.6603203,478.7419983
2023/11/3,478.3851967,187723,477.2089906,479.3636572,478.2855384
2023/11/6,478.5447974,344416,475.5079339,480.468697,476.2078646
2023/11/7,475.0665972,178231,473.9262472,476.9766891,474.2425927
2023/11/8,472.7794497,221301,470.5566659,473.4946813,472.0599877
2023/11/9,470.0895532,235154,468.6930155,472.6219174,469.1209107
2023/11/10,471.7958997,225962,468.1420525,472.6181606,471.6354259
2023/11/13,468.5388971,212470,467.5849662,472.1593998,470.2429398
2023/11/14,470.6675235,184662,468.6517098,471.9807875,471.8364401
2023/11/15,473.2294817,226609,471.0438839,474.5493548,473.2404171
2023/11/16,472.4933927,179867,471.3114157,473.7177197,472.1324418
2023/11/17,473.9427789,219472,471.6028079,474.753175,473.780955
2023/11/20,470.8124906,242770,468.2596949,473.2892222,468.3319955
2023/11/21,466.5670037,254614,464.1803544,467.6812813,467.3407053
2023/11/22,468.9110116,300224,465.9052312,470.0920505,466.4604021
2023/11/23,466.4824911,215429,464.8505849,468.4942804,465.8668557
2023/11/24,466.1267521,109136,465.2698377,466.4122357,466.3450739
2023/11/27,467.9079313,245391,466.6238781,471.5998758,470.5047121
2023/11/28,471.7886882,193893,470.2052147,472.519428,472.061514
2023/11/29,476.3139703,287119,471.6655607,477.3948748,475.9296614
2023/11/30,476.7240905,202243,475.2307951,476.9807293,476.2297349
2023/12/1,476.0645983,192889,474.8817701,477.2912613,476.4116263
2023/12/4,485.6971624,326402,475.0601455,487.1578946,482.254892
2023/12/5,475.4304481,362938,473.0663376,482.0646414,475.6757199
2023/12/6,474.6513521,236519,472.1666558,475.4258264,474.8599914
2023/12/7,476.2312981,198095,474.7907699,476.7281893,475.6898793
2023/12/8,475.8252317,189837,474.0832316,477.3887959,475.9836792
2023/12/11,472.0368047,275525,470.6713538,475.9667308,472.3891901
2023/12/12,469.7753919,188250,468.4433155,471.6111856,470.6566214
2023/12/13,469.981869,218353,469.426148,472.3427304,469.8127289
2023/12/14,476.790444,199195,469.5890982,478.6266921,476.948695
2023/12/15,475.591623,207613,475.2068859,478.0034636,476.2471017
2023/12/18,474.1926828,200131,473.9270383,477.5194853,475.7211054
2023/12/19,476.5577072,121572,475.5108487,477.7702758,476.7895197
2023/12/20,477.4697993,144169,476.4880043,478.7526287,477.7954575
2023/12/21,477.1655822,144091,476.3600158,478.3092579,477.9270493
2023/12/22,479.8803162,223101,477.2313397,481.933509,480.5560584
2023/12/25,481.2607844,234601,480.4355867,483.954988,481.8533831
2023/12/26,481.9595582,133480,481.5896908,482.8503204,482.4125605
2023/12/27,482.2561586,160582,480.5892755,484.0325875,483.4775424
2023/12/28,485.3538782,189687,483.7675883,486.3535302,484.5591563
2023/12/29,482.351625,221409,480.7909611,483.7342067,482.4060662
