date,close,open,high,low,volume
2018/1/2,1320.9,1309.9,1325,1309.3,18.34K
2018/1/3,1323.4,1323.7,1327.4,1313.9,20.47K
2018/1/4,1326.4,1319.5,1331.9,1312,29.63K
2018/1/5,1327.1,1328.7,1329.3,1319.6,14.45K
2018/1/8,1325.2,1325.6,1327.8,1320.7,31.68K
2018/1/9,1318.5,1326.1,1326.2,1314.4,48.11K
2018/1/10,1324.1,1318.2,1333,1313.9,38.91K
2018/1/11,1327.3,1322,1329.3,1321,19.60K
2018/1/12,1339.8,1327.9,1344.8,1326,36.01K
2018/1/16,1342,1342,1349.7,1337,39.94K
2018/1/17,1344,1344.4,1349.2,1331.3,59.49K
2018/1/18,1332,1332.2,1338,1329.1,21.63K
2018/1/19,1338,1332.3,1342.7,1331.6,35.64K
2018/1/22,1336.9,1339.4,1340.3,1332.9,104.32K
2018/1/23,1341.7,1338.4,1346.6,1335.8,70.40K
2018/1/24,1361.4,1346.2,1366.8,1344.1,159.34K
2018/1/25,1368,1362.7,1370.5,1346.2,142.58K
2018/1/26,1357.2,1352.7,1361,1348.6,142.27K
2018/1/29,1345.1,1353.7,1356.3,1340.9,233.76K
2018/1/30,1345.2,1349.6,1357.4,1342.9,7.58K
2018/1/31,1348.4,1346.5,1355.9,1341.2,5.95K
2018/2/1,1353.1,1352.5,1359.4,1345.7,3.87K
2018/2/2,1342.5,1355.4,1358.4,1335.3,6.84K
2018/2/5,1341.7,1339.7,1349.2,1336.7,4.52K
2018/2/6,1334.7,1347.3,1354.4,1328,6.26K
2018/2/7,1319.8,1332.6,1339.5,1318.8,4.79K
2018/2/8,1324.2,1325.5,1329.5,1314.5,7.80K
2018/2/9,1320.9,1328.5,1330,1318.5,6.27K
2018/2/12,1331.5,1322,1335,1321.9,7.76K
2018/2/13,1335.4,1329.7,1338.6,1329.1,5.04K
2018/2/14,1363.1,1336.7,1363.6,1325,14.55K
2018/2/15,1360.7,1357.8,1365,1356.3,11.53K
2018/2/16,1361.6,1361.8,1369.6,1353,17.72K
2018/2/20,1336.6,1355.1,1359,1336.1,15.41K
2018/2/21,1337.5,1336.6,1343.1,1330,2.96K
2018/2/22,1338.1,1332.3,1339.5,1328.2,10.48K
2018/2/23,1335.8,1339.3,1339.3,1333,7.85K
2018/2/26,1338.4,1335,1348.1,1334.4,15.35K
2018/2/27,1324.2,1340.5,1343.8,1320.4,14.02K
2018/2/28,1323.7,1324.5,1329.2,1322.5,24.31K
2018/3/1,1311,1325.6,1327.6,1309.3,27.77K
2018/3/2,1329.2,1323.9,1332.4,1321.9,10.25K
2018/3/5,1325.7,1330.6,1334.4,1324,16.20K
2018/3/6,1341,1326.6,1345.5,1326.6,13.45K
2018/3/7,1333.4,1343.8,1347.5,1329,31.03K
2018/3/8,1327.6,1332.2,1335.5,1325.5,31.57K
2018/3/9,1329.9,1328.1,1331.6,1319.1,43.90K
2018/3/12,1326.7,1329.8,1330.4,1321.4,31.32K
2018/3/13,1333,1329.3,1334.6,1320,40.23K
2018/3/14,1331.4,1332.4,1336.4,1327.6,28.68K
2018/3/15,1323.5,1330.7,1333.8,1320.7,14.09K
2018/3/16,1318,1322.3,1327.4,1315.3,26.99K
2018/3/19,1323.4,1319.5,1325.2,1313.1,49.99K
2018/3/20,1317.6,1322.4,1323.7,1312.4,56.56K
2018/3/21,1327.3,1317,1342.6,1315.5,66.74K
2018/3/22,1333.2,1338,1340.8,1330.3,70.66K
2018/3/23,1355.7,1335.5,1356.3,1334.7,127.20K
2018/3/26,1360.9,1350.6,1361.8,1349.2,192.81K
2018/3/27,1347.9,1359.3,1362.6,1345.4,296.48K
2018/3/28,1336.1,1356.8,1358.3,1334,8.69K
2018/3/29,1333.3,1335.3,1338.5,1331.6,4.28K
2018/4/2,1352.9,1336.3,1355.1,1335.1,4.98K
2018/4/3,1343.4,1351.2,1352.4,1339,3.70K
2018/4/4,1346.3,1342.5,1358.3,1341.6,4.50K
2018/4/5,1334.7,1342.6,1344.3,1332.3,3.52K
2018/4/6,1342.3,1336.2,1345,1328.9,4.47K
2018/4/9,1346.2,1343.2,1347.1,1336.6,7.29K
2018/4/10,1352,1345.7,1352.2,1340.6,4.32K
2018/4/11,1366.2,1348.8,1375.1,1348.8,8.77K
2018/4/12,1348,1362.6,1362.6,1342.9,12.19K
2018/4/13,1354.1,1345.3,1356.3,1341.7,8.20K
2018/4/16,1356.9,1353.7,1359.7,1349.4,2.91K
2018/4/17,1355.7,1354.9,1357.5,1346.8,3.10K
2018/4/18,1359.7,1356.4,1365.1,1351.8,4.16K
2018/4/19,1355,1358.4,1363.9,1349.8,2.99K
2018/4/20,1344.5,1353,1353,1343.3,11.02K
2018/4/23,1330.2,1343,1343.4,1329.9,8.04K
2018/4/24,1339.2,1333.9,1340.5,1330,5.10K
2018/4/25,1329,1337.8,1339.9,1326.4,8.12K
2018/4/26,1324.2,1330.6,1334,1322.7,4.29K
2018/4/27,1329.7,1324.1,1332.6,1322.3,5.21K
2018/4/30,1325.3,1330.6,1332,1317,25.61K
2018/5/1,1313,1322.1,1322.8,1308.6,12.15K
2018/5/2,1311.8,1310.6,1320.9,1310.6,27.66K
2018/5/3,1319,1312,1325.2,1312,12.61K
2018/5/4,1321,1318.9,1322.7,1314.9,13.28K
2018/5/7,1320.4,1321.9,1326.4,1316.9,19.44K
2018/5/8,1320,1321.1,1324.7,1312.4,52.68K
2018/5/9,1319.3,1321.3,1324.1,1310.9,39.31K
2018/5/10,1328.6,1319.1,1329.5,1317,20.63K
2018/5/11,1327,1327.9,1332.4,1323.8,25.71K
2018/5/14,1324.3,1324.5,1328.7,1319,30.88K
2018/5/15,1296.2,1318.9,1320.8,1294.1,39.69K
2018/5/16,1297.4,1295.5,1302.3,1291.8,22.14K
2018/5/17,1295.2,1295.9,1299.6,1290,20.02K
2018/5/18,1296.9,1295.9,1299.1,1291,26.61K
2018/5/21,1296.4,1295.6,1298.4,1286.8,53.90K
2018/5/22,1297.4,1298.2,1301.3,1292.8,47.66K
2018/5/23,1294.8,1295.9,1303.8,1292,67.84K
2018/5/24,1309.8,1298,1311.8,1297.4,101.75K
2018/5/25,1309,1309,1312.6,1304.6,96.67K
2018/5/29,1304.1,1305.7,1311.3,1296.6,362.21K
2018/5/30,1312.7,1313,1314.8,1306.5,1.97K
2018/5/31,1310.8,1314,1317,1308,1.86K
2018/6/1,1305.4,1309.6,1310.1,1299.4,2.32K
2018/6/4,1303.4,1303.9,1308.2,1300,1.45K
2018/6/5,1308.3,1302.6,1310.6,1299.9,1.48K
2018/6/6,1307.4,1307.1,1312,1304,3.73K
2018/6/7,1308.9,1306.8,1313.2,1305,3.77K
2018/6/8,1308.8,1307.3,1310.4,1302.1,2.86K
2018/6/11,1309.3,1309.6,1312.7,1304,1.66K
2018/6/12,1305.5,1309.5,1309.5,1302.9,0.90K
2018/6/13,1307.4,1304.8,1310.3,1300.7,2.44K
2018/6/14,1314.4,1309,1318.9,1307.3,1.79K
2018/6/15,1284.3,1310.6,1312,1284,6.06K
2018/6/18,1286,1287,1290.7,1285.6,2.00K
2018/6/19,1284.4,1287.8,1292.4,1278.6,1.89K
2018/6/20,1280.3,1281.3,1283.7,1275.6,5.70K
2018/6/21,1276.3,1275.8,1277.7,1268.5,3.15K
2018/6/22,1276.4,1274.5,1278.2,1274.5,2.66K
2018/6/25,1274.7,1277.7,1280,1272.2,1.66K
2018/6/26,1265.6,1273.1,1275,1262.6,1.92K
2018/6/27,1261.9,1265.9,1267.4,1258.2,3.91K
2018/6/28,1256.7,1258.8,1261.3,1253,3.15K
2018/6/29,1260.2,1254.8,1262.5,1253,3.46K
2018/7/2,1247.1,1260,1260.6,1246.1,9.33K
2018/7/3,1259,1249.1,1263.9,1244.3,6.21K
2018/7/5,1264.2,1259.1,1267.6,1257.5,4.21K
2018/7/6,1261.4,1264.1,1264.5,1259.3,2.69K
2018/7/9,1265.3,1261.6,1272.3,1261.6,5.73K
2018/7/10,1261.1,1264.3,1266.5,1253.6,4.53K
2018/7/11,1250,1261.6,1262.5,1247.4,6.24K
2018/7/12,1252,1248.3,1254,1247.1,6.63K
2018/7/13,1246.4,1252.8,1253.5,1242,7.79K
2018/7/16,1244.8,1246.8,1250.6,1243.7,4.24K
2018/7/17,1232.3,1245.9,1250.2,1231.3,5.00K
2018/7/18,1232.9,1232.7,1233.4,1226,4.97K
2018/7/19,1228.7,1231.9,1234.2,1215.7,20.77K
2018/7/20,1235.5,1228.3,1236.6,1220.4,8.72K
2018/7/23,1229.7,1235.7,1239.3,1226.7,7.64K
2018/7/24,1230,1229.3,1234,1222.8,10.64K
2018/7/25,1236.4,1228.8,1238.6,1228,6.86K
2018/7/26,1230.5,1236.1,1239.8,1226.6,24.23K
2018/7/27,1227.8,1227.4,1231.5,1221.4,16.49K
2018/7/30,1231.5,1231.1,1234.1,1227.8,183.75K
2018/7/31,1233.6,1230.5,1237.8,1222.6,297.83K
2018/8/1,1227.6,1232.7,1233.7,1224.4,218.46K
2018/8/2,1220.1,1224.7,1230,1215.3,234.63K
2018/8/3,1223.2,1216,1228.5,1212.5,280.21K
2018/8/6,1217.7,1222,1226,1214.4,199.54K
2018/8/7,1218.3,1215.8,1224.3,1215.6,205.38K
2018/8/8,1221,1218.7,1223.8,1213.6,263.24K
2018/8/9,1219.9,1222,1225.6,1218.4,232.04K
2018/8/10,1219,1220,1224.9,1213.1,328.24K
2018/8/13,1198.9,1218.4,1221.4,1198.6,374.12K
2018/8/14,1200.7,1201.1,1205.8,1198.9,242.55K
2018/8/15,1185,1201.5,1202,1180,377.68K
2018/8/16,1184,1183,1189,1167.1,362.11K
2018/8/17,1184.2,1180.7,1192,1178.5,255.79K
2018/8/20,1194.6,1190.4,1197.7,1189.6,205.77K
2018/8/21,1200,1197.3,1204.3,1194.3,218.29K
2018/8/22,1203.3,1203,1208.4,1199.2,234.15K
2018/8/23,1194,1202.8,1203.4,1190.2,232.88K
2018/8/24,1213.3,1191.6,1215.4,1189.5,293.98K
2018/8/27,1216,1214.5,1218.8,1209.3,209.19K
2018/8/28,1214.4,1217.7,1220.7,1205.8,273.18K
2018/8/29,1211.5,1206.6,1213.7,1206.6,241.90K
2018/8/30,1205,1212.6,1214,1202.1,288.07K
2018/8/31,1206.7,1206.3,1214.9,1204.1,265.11K
2018/9/4,1199.1,1206.3,1209.7,1195.1,421.47K
2018/9/5,1201.3,1197.2,1204.2,1196.4,209.56K
2018/9/6,1204.3,1202.5,1212.7,1200.5,284.20K
2018/9/7,1200.4,1205.6,1209,1198.7,287.65K
2018/9/10,1199.8,1200.7,1203.8,1196.2,213.40K
2018/9/11,1202.2,1200.4,1204.8,1192.7,263.07K
2018/9/12,1210.9,1203.5,1213.9,1197.6,304.32K
2018/9/13,1208.2,1212.4,1218,1205,304.35K
2018/9/14,1201.1,1206.6,1213.8,1197.7,282.26K
2018/9/17,1205.8,1199.8,1209.7,1197.5,209.94K
2018/9/18,1202.9,1206.4,1208.2,1200.3,229.11K
2018/9/19,1208.3,1202.8,1211,1202.2,233.87K
2018/9/20,1211.3,1208.8,1213.2,1205.1,241.61K
2018/9/21,1201.3,1212.1,1215.8,1196,344.75K
2018/9/24,1204.4,1204,1208.8,1198.6,214.29K
2018/9/25,1205.1,1203.1,1207.9,1201.3,197.64K
2018/9/26,1199.1,1205.5,1206.9,1194.6,343.48K
2018/9/27,1192.9,1205,1208,1191.4,7.62K
2018/9/28,1201.9,1192.6,1203.4,1190,3.69K
2018/10/1,1197.4,1201.7,1202.1,1193.8,3.49K
2018/10/2,1212.7,1198,1217.8,1198,3.74K
2018/10/3,1208.6,1213.1,1217.5,1206.6,2.06K
2018/10/4,1207.4,1207.5,1216.1,1205.3,11.23K
2018/10/5,1211.5,1209.5,1215.2,1206.8,8.43K
2018/10/8,1194.5,1213.5,1213.5,1192,5.89K
2018/10/9,1197.4,1197.7,1201,1192.8,4.84K
2018/10/10,1199.3,1199.3,1204,1194.6,7.15K
2018/10/11,1233.6,1204.3,1235.7,1200.7,18.34K
2018/10/12,1227.9,1234.1,1234.1,1225.5,8.20K
2018/10/15,1236.3,1226.8,1242.6,1226.8,4.70K
2018/10/16,1236.9,1236.7,1241.7,1232.4,1.89K
2018/10/17,1233.3,1233.5,1238.5,1229.8,2.25K
2018/10/18,1236.1,1231.4,1239.3,1227.7,3.41K
2018/10/19,1234.6,1234.8,1239.5,1232.6,2.36K
2018/10/22,1230.6,1236.3,1238.6,1228.8,12.32K
2018/10/23,1242.9,1231.3,1248.9,1230.6,4.01K
2018/10/24,1237.2,1239.4,1243,1234.3,2.26K
2018/10/25,1238.6,1243,1248,1236.8,14.07K
2018/10/26,1241.9,1241,1252,1239.1,7.73K
2018/10/29,1233.7,1242.9,1243.6,1232.3,5.19K
2018/10/30,1231.3,1238.1,1238.5,1227.5,5.16K
2018/10/31,1220.8,1230.3,1230.7,1219.4,21.57K
2018/11/1,1244.5,1222.3,1245,1222.3,25.43K
2018/11/2,1239.3,1241.8,1244,1237.3,10.19K
2018/11/5,1238.4,1240.6,1242.4,1234.5,11.09K
2018/11/6,1232.4,1239.4,1243.5,1231,12.00K
2018/11/7,1234.8,1234.6,1244,1230.6,24.65K
2018/11/8,1231.2,1233.8,1234.3,1227,33.19K
2018/11/9,1214.6,1230.3,1230.3,1213.3,48.33K
2018/11/12,1209.4,1216,1218,1206.6,30.63K
2018/11/13,1207.3,1207.7,1211.3,1202.4,35.58K
2018/11/14,1216,1209.7,1223.2,1204,23.06K
2018/11/15,1221.1,1217.7,1222.8,1213.3,16.27K
2018/11/16,1229,1220.3,1232.1,1220.3,30.63K
2018/11/19,1231.1,1229,1232.2,1224.5,34.54K
2018/11/20,1227,1230.7,1235.4,1226.1,46.66K
2018/11/21,1233.8,1228.7,1236.7,1226.2,53.07K
2018/11/23,1229.1,1232.8,1235.5,1226.2,62.61K
2018/11/26,1228.7,1230.4,1234.5,1228,142.17K
2018/11/27,1219.9,1228.5,1231.7,1217.8,135.21K
2018/11/28,1229.8,1220.9,1233.8,1216.8,209.03K
2018/11/29,1236.3,1232.9,1240.5,1232.9,3.08K
2018/11/30,1231.8,1235.1,1236.7,1227.8,2.62K
2018/12/3,1245.5,1233.3,1246.1,1233,2.38K
2018/12/4,1252.5,1242.5,1253.3,1241.9,3.67K
2018/12/5,1248.6,1250.6,1250.6,1244.8,1.64K
2018/12/6,1249.6,1249.8,1255.6,1246,5.32K
2018/12/7,1258.7,1249,1261.9,1249,7.94K
2018/12/10,1255.6,1261.5,1262.3,1253.2,5.92K
2018/12/11,1253.4,1256.2,1261,1252.6,7.13K
2018/12/12,1256.2,1254.3,1258.5,1253.5,4.90K
2018/12/13,1253.6,1257.2,1257.6,1250.8,3.89K
2018/12/14,1247.5,1252.2,1253.3,1242.5,3.72K
2018/12/17,1258,1247.4,1258.3,1245.9,5.21K
2018/12/18,1259.8,1256.1,1260.2,1255.2,10.50K
2018/12/19,1262.6,1259.9,1268.2,1251.6,5.06K
2018/12/20,1274.2,1253.3,1276.3,1252.5,10.10K
2018/12/21,1264.2,1270,1272.3,1263.3,5.35K
2018/12/24,1278,1266.3,1279.9,1266.3,3.90K
2018/12/26,1279.2,1279.2,1288.3,1274,4.22K
2018/12/27,1287.4,1275.9,1287.7,1275.6,5.52K
2018/12/28,1289.3,1283.8,1289.9,1283.1,4.61K
2018/12/31,1287.7,1289.6,1292.6,1285.8,11.64K
2019/1/2,1290.5,1291.4,1297,1287,14.46K
2019/1/3,1301.2,1293.5,1302.8,1292.8,15.28K
2019/1/4,1292.2,1301.4,1306.5,1284.6,11.88K
2019/1/7,1296.4,1293.3,1303.2,1290.7,12.45K
2019/1/8,1292.4,1296.4,1297.2,1286.7,38.26K
2019/1/9,1298.5,1292.6,1301.3,1287.3,30.71K
2019/1/10,1294,1301.3,1304.3,1293.2,39.62K
2019/1/11,1296.1,1294.1,1302.1,1293.9,33.60K
2019/1/14,1298,1294.5,1303.1,1294.4,42.25K
2019/1/15,1294.9,1298.9,1301.3,1293.1,27.92K
2019/1/16,1300.3,1295.9,1301.9,1294.1,17.57K
2019/1/17,1298.7,1300.5,1301.3,1294.8,19.83K
2019/1/18,1288.9,1298.3,1298.6,1286.3,32.33K
2019/1/22,1289.5,1287.5,1291.1,1282.1,73.64K
2019/1/23,1290.2,1290.8,1292.1,1284,62.35K
2019/1/24,1285.9,1288.3,1290,1281.5,70.66K
2019/1/25,1304.2,1286,1309.3,1284.8,90.11K
2019/1/28,1309.3,1308.5,1309.8,1302.7,126.08K
2019/1/29,1315.2,1308.5,1317.1,1307.8,185.54K
2019/1/30,1321.9,1323.2,1334.9,1320,8.29K
2019/1/31,1331.6,1332,1337.2,1328.8,4.30K
2019/2/1,1328.6,1332.1,1334.2,1327.2,3.62K
2019/2/4,1325.8,1329,1329.5,1319.3,2.89K
2019/2/5,1325.8,1322.4,1327.3,1321.5,4.21K
2019/2/6,1320.9,1325.7,1326.1,1316.6,2.26K
2019/2/7,1320.7,1317.2,1322.2,1313.2,5.73K
2019/2/8,1325,1320.5,1325.9,1318.2,6.48K
2019/2/11,1318.4,1324.6,1324.9,1313.7,4.95K
2019/2/12,1320.4,1317.1,1324.6,1317.1,3.90K
2019/2/13,1321.6,1321.3,1328,1314.9,5.40K
2019/2/14,1320.4,1316.7,1323.7,1311.3,3.61K
2019/2/15,1328.5,1322,1332.2,1320.7,2.83K
2019/2/19,1351.3,1331.1,1351.4,1330.5,5.59K
2019/2/20,1354.4,1350.3,1356,1346.8,4.04K
2019/2/21,1334.3,1348.1,1350.7,1330,6.33K
2019/2/22,1339.4,1332.4,1342,1330.3,8.27K
2019/2/25,1336.1,1336.9,1341.4,1334,4.22K
2019/2/26,1335.2,1336,1338.8,1332.1,8.87K
2019/2/27,1327.9,1337.7,1338,1325,18.90K
2019/2/28,1322.7,1328,1335,1320.6,8.31K
2019/3/1,1305.8,1322,1323.2,1297.8,32.36K
2019/3/4,1294,1301,1304.6,1290.3,13.64K
2019/3/5,1291.2,1294.1,1297,1288.5,18.12K
2019/3/6,1294.2,1295.2,1298.1,1290.9,13.12K
2019/3/7,1292.8,1293.5,1296.1,1287.5,51.05K
2019/3/8,1306,1293.2,1307.7,1292.2,33.72K
2019/3/11,1297.6,1305.5,1305.6,1297.1,34.47K
2019/3/12,1304.5,1300.1,1308.8,1298.6,37.83K
2019/3/13,1315.8,1307.9,1317.9,1307.3,33.49K
2019/3/14,1301.4,1315.6,1316.6,1299,31.49K
2019/3/15,1308.9,1301.9,1312.3,1300.1,39.41K
2019/3/18,1307.7,1308.3,1312.7,1304.3,24.63K
2019/3/19,1312.7,1309.4,1316.9,1308.2,34.04K
2019/3/20,1307.8,1311.8,1323.3,1304.3,55.44K
2019/3/21,1313.6,1318.6,1326.3,1309.1,61.63K
2019/3/22,1318.7,1315.4,1320.9,1312.8,79.64K
2019/3/25,1329,1319.7,1330.8,1317,85.90K
2019/3/26,1321.4,1328.3,1329.3,1318.5,122.60K
2019/3/27,1316.9,1321.7,1325.2,1313.7,201.61K
2019/3/28,1301.4,1320.5,1323.2,1299.5,5.57K
2019/3/29,1304.5,1301.1,1310.4,1297.6,2.98K
2019/4/1,1300.3,1302.9,1307.5,1297.2,1.81K
2019/4/2,1301.4,1298.3,1303,1296,5.42K
2019/4/3,1301.3,1302.8,1304.8,1298.8,3.91K
2019/4/4,1300.3,1301.4,1304.5,1290.9,9.90K
2019/4/5,1301.7,1302.7,1303.6,1294.3,3.96K
2019/4/8,1307.9,1302.5,1313.8,1301.8,3.37K
2019/4/9,1314.3,1308.3,1316.1,1307.5,4.22K
2019/4/10,1319.9,1314.5,1320.7,1311,5.55K
2019/4/11,1299.3,1318.1,1318.8,1299,4.33K
2019/4/12,1301.2,1302,1305,1299.8,2.67K
2019/4/15,1297.4,1300.5,1301,1291.4,6.25K
2019/4/16,1283.2,1297,1297.4,1281.7,6.09K
2019/4/17,1282.8,1285.4,1287.9,1281.4,3.34K
2019/4/18,1282,1282.1,1285.4,1278.9,2.80K
2019/4/22,1283.7,1283.9,1287.6,1282,1.03K
2019/4/23,1279.2,1283.2,1284.2,1274,21.34K
2019/4/24,1285.4,1279.9,1286.6,1276.4,5.03K
2019/4/25,1285.7,1283.8,1290.5,1281.7,3.60K
2019/4/26,1294.8,1285.6,1296.8,1282.6,5.39K
2019/4/29,1287.5,1294.7,1294.7,1285.9,4.92K
2019/4/30,1291.7,1287.6,1294,1287.5,5.55K
2019/5/1,1290.2,1291.1,1295.4,1281.2,8.12K
2019/5/2,1277.8,1284.7,1285.1,1273.2,27.37K
2019/5/3,1287.2,1277.5,1289.7,1275,8.82K
2019/5/6,1289.8,1287.1,1292.8,1284.1,10.35K
2019/5/7,1291.6,1288.8,1293.1,1285.1,25.23K
2019/5/8,1287.4,1291.5,1298.7,1286.5,27.53K
2019/5/9,1291.2,1288,1295.1,1286.4,36.98K
2019/5/10,1293.3,1290.9,1296,1289.8,28.70K
2019/5/13,1307.7,1293.7,1308,1288.3,44.19K
2019/5/14,1302.1,1306.6,1310.1,1300.1,16.55K
2019/5/15,1303.7,1303.4,1307.5,1299.3,17.97K
2019/5/16,1292,1303.2,1305.1,1289.9,19.65K
2019/5/17,1281.4,1292.6,1294.6,1280.4,19.97K
2019/5/20,1282.9,1282.3,1284.4,1279.1,40.74K
2019/5/21,1278.8,1283,1283.1,1274.6,39.30K
2019/5/22,1279.5,1280,1282.4,1277.6,37.14K
2019/5/23,1291,1278.5,1292.5,1277.5,73.37K
2019/5/24,1289.2,1288.9,1290.3,1285.8,77.73K
2019/5/28,1282.5,1289.2,1292.6,1280.8,211.07K
2019/5/29,1286.3,1284.3,1290.3,1283.8,201.24K
2019/5/30,1298.3,1290.1,1299.1,1285.6,0.87K
2019/5/31,1316.9,1299.1,1317.5,1299.1,1.80K
2019/6/3,1333.7,1317.4,1338.3,1317.4,1.64K
2019/6/4,1334.5,1335.4,1339.3,1330.6,2.66K
2019/6/5,1339.3,1335.5,1354.5,1335.5,1.71K
2019/6/6,1348.4,1342,1349.2,1337.7,0.54K
2019/6/7,1351.8,1346.4,1357.4,1341.4,1.39K
2019/6/10,1335,1347.9,1347.9,1334.7,1.78K
2019/6/11,1337,1338,1339.2,1329.6,1.14K
2019/6/12,1342.5,1336.4,1347.6,1336.4,1.33K
2019/6/13,1349.5,1343,1352.5,1342.3,0.90K
2019/6/14,1350.4,1353.7,1367.8,1347.5,3.06K
2019/6/17,1348.8,1350.4,1352.6,1342.8,0.70K
2019/6/18,1356.6,1349.1,1364,1348.3,1.36K
2019/6/19,1354.7,1355.8,1372.2,1351,1.47K
2019/6/20,1402.9,1370.2,1403.4,1367.3,3.23K
2019/6/21,1405.9,1398.6,1420.9,1392.3,2.03K
2019/6/24,1424.1,1411.9,1430.7,1409.8,1.95K
2019/6/25,1424.6,1428.6,1447,1421.8,3.53K
2019/6/26,1421.2,1432.5,1432.6,1411,2.33K
2019/6/27,1417.9,1417.6,1420.8,1407.5,4.28K
2019/6/28,1419.6,1418.7,1433.5,1414.6,1.91K
2019/7/1,1395.3,1411,1411,1390.9,6.87K
2019/7/2,1414.2,1393.7,1429.2,1393.2,4.08K
2019/7/3,1427.1,1428.5,1446.8,1421.4,3.97K
2019/7/5,1406.3,1429.6,1432.6,1395,4.43K
2019/7/8,1406.2,1407.2,1415.9,1400.1,3.28K
2019/7/9,1406.8,1404,1408.1,1394,4.55K
2019/7/10,1418.8,1406.2,1427,1398.2,3.77K
2019/7/11,1413,1427.1,1435.6,1409.8,3.70K
2019/7/12,1418.5,1412.3,1425,1411.5,2.03K
2019/7/15,1419.9,1424,1427.6,1415.7,3.14K
2019/7/16,1417.6,1422.6,1426.1,1408.8,3.85K
2019/7/17,1429.7,1414.9,1434.6,1407.8,5.35K
2019/7/18,1434.5,1434.8,1456,1421.9,7.44K
2019/7/19,1433.2,1455.1,1460.3,1427.6,11.80K
2019/7/22,1433.4,1434.9,1437.2,1430,5.04K
2019/7/23,1428.2,1431.7,1437,1421.1,6.65K
2019/7/24,1430.2,1424.9,1436.6,1423.4,6.93K
2019/7/25,1421.2,1433,1440.6,1417.7,12.74K
2019/7/26,1425.9,1422.3,1431.4,1419.4,11.29K
2019/7/29,1427.2,1425.8,1434.7,1421.4,10.86K
2019/7/30,1441.8,1439.5,1445.7,1434.8,259.62K
2019/7/31,1437.8,1443.7,1447.8,1422.3,419.58K
2019/8/1,1432.4,1425.6,1458.2,1412.1,587.56K
2019/8/2,1457.5,1457.5,1461.9,1442.5,493.05K
2019/8/5,1476.5,1451.2,1481.8,1448.8,534.19K
2019/8/6,1484.2,1481.1,1486.8,1468.2,381.92K
2019/8/7,1519.6,1486.7,1522.7,1484.3,651.55K
2019/8/8,1509.5,1512.1,1521.3,1501.6,402.96K
2019/8/9,1508.5,1515.9,1521.1,1506.2,332.61K
2019/8/12,1517.2,1509.2,1531.5,1498.6,355.10K
2019/8/13,1514.1,1522.3,1546.1,1488.9,616.74K
2019/8/14,1527.8,1513,1534.9,1504.5,484.19K
2019/8/15,1531.2,1526.6,1537.7,1518.3,436.12K
2019/8/16,1523.6,1533.9,1538.6,1513.9,322.46K
2019/8/19,1511.6,1523,1523.6,1503.3,295.83K
2019/8/20,1515.7,1506.3,1518.8,1503,247.54K
2019/8/21,1515.7,1518.4,1518.4,1506.5,245.90K
2019/8/22,1508.5,1512.4,1514.6,1502.1,279.41K
2019/8/23,1537.6,1508.8,1540.3,1503,473.00K
2019/8/26,1537.2,1545.4,1565,1534.8,411.67K
2019/8/27,1551.8,1537.3,1554.5,1535.3,347.05K
2019/8/28,1549.1,1551.8,1556.6,1541.4,353.91K
2019/8/29,1536.9,1549.4,1559.8,1528.6,455.60K
2019/8/30,1529.4,1536.9,1541.9,1525.6,330.85K
2019/9/3,1555.9,1535.2,1558.9,1528,554.83K
2019/9/4,1560.4,1556,1566.2,1542.6,412.35K
2019/9/5,1525.5,1561.4,1561.9,1514.3,606.40K
2019/9/6,1515.5,1525.6,1536.2,1510.7,544.87K
2019/9/9,1511.1,1516.4,1523.8,1505.5,317.52K
2019/9/10,1499.2,1507,1509.1,1492.1,397.92K
2019/9/11,1503.2,1493.9,1506.2,1492.9,308.79K
2019/9/12,1507.4,1504.9,1532.2,1496.8,491.47K
2019/9/13,1499.5,1506.5,1516.6,1493.1,364.42K
2019/9/16,1511.5,1513.1,1519.7,1503.4,349.61K
2019/9/17,1513.4,1506.5,1515,1500.9,336.63K
2019/9/18,1515.8,1509.7,1519.5,1490.7,364.96K
2019/9/19,1506.2,1502,1512.1,1496.3,291.30K
2019/9/20,1515.1,1506.8,1524.5,1505.3,284.39K
2019/9/23,1531.5,1521.5,1534.4,1517.9,359.88K
2019/9/24,1540.2,1529.8,1543.3,1522.8,424.86K
2019/9/25,1512.3,1539.8,1542.8,1507.4,481.46K
2019/9/26,1515.2,1510.9,1519.5,1507.1,378.29K
2019/9/27,1513.1,1518.2,1520.5,1500.5,12.37K
2019/9/30,1479.6,1509.5,1513.1,1477.1,14.29K
2019/10/1,1495.7,1485.8,1500,1471.8,9.66K
2019/10/2,1514.5,1493.6,1517.7,1487.5,8.89K
2019/10/3,1520.5,1512.3,1532.4,1509.2,5.02K
2019/10/4,1519.7,1518,1527.9,1508.2,10.99K
2019/10/7,1511.2,1524.2,1524.2,1500.2,7.25K
2019/10/8,1510.7,1506,1522,1500.8,4.44K
2019/10/9,1519.6,1517.5,1524,1512,4.53K
2019/10/10,1507.7,1516.8,1529,1503,5.02K
2019/10/11,1495.5,1505.5,1514.6,1484.9,8.89K
2019/10/14,1504.4,1499.2,1508.3,1494.1,6.09K
2019/10/15,1490.3,1503,1509.2,1487.9,2.92K
2019/10/16,1500.8,1491.4,1501.8,1487.4,15.13K
2019/10/17,1505.2,1500.8,1507.8,1494.6,4.18K
2019/10/18,1501,1502,1504.1,1495.3,5.96K
2019/10/21,1495,1502,1505.3,1491.8,9.40K
2019/10/22,1494.5,1494.9,1498.7,1491,4.54K
2019/10/23,1502.7,1498.4,1506.2,1498,3.70K
2019/10/24,1511.7,1501.3,1513.7,1497.6,4.63K
2019/10/25,1512.3,1512.9,1527.8,1510.3,7.87K
2019/10/28,1502.9,1514,1517.6,1499.4,8.08K
2019/10/29,1497.7,1501.9,1504,1492.8,23.59K
2019/10/30,1503.8,1496.9,1506,1490.3,28.48K
2019/10/31,1521.8,1504.7,1523.7,1503.3,19.34K
2019/11/1,1518.5,1521.4,1525.2,1512.6,23.69K
2019/11/4,1518.3,1522.9,1524,1513.6,24.62K
2019/11/5,1490.8,1518.7,1518.8,1487.7,133.26K
2019/11/6,1500.3,1491.2,1503,1491.2,25.71K
2019/11/7,1473.3,1498.8,1500.7,1468.4,138.19K
2019/11/8,1469.8,1476,1480.7,1463.4,70.22K
2019/11/11,1464.1,1466.7,1474.1,1455.9,46.58K
2019/11/12,1460.6,1463,1468.1,1453.1,94.34K
2019/11/13,1470.2,1463.8,1474.8,1463.8,43.67K
2019/11/14,1480.2,1471.7,1482.2,1468.7,43.48K
2019/11/15,1475.4,1478.7,1478.9,1469.8,31.13K
2019/11/18,1478.8,1475.1,1481.1,1463.3,33.19K
2019/11/19,1481.2,1477.9,1482.6,1471.8,35.81K
2019/11/20,1481,1481.4,1486,1473,58.28K
2019/11/21,1470.5,1481.3,1482.7,1469.4,75.50K
2019/11/22,1470.5,1470.9,1480.3,1468.1,81.55K
2019/11/25,1463.8,1467.5,1468.9,1460.7,126.74K
2019/11/26,1467.4,1461.3,1470,1456.6,285.63K
2019/11/27,1466,1473.7,1473.9,1464.5,15.69K
2019/11/29,1478.1,1467.8,1478.3,1464.5,4.58K
2019/12/2,1474.6,1474.1,1477.1,1465.8,10.81K
2019/12/3,1489.9,1473.4,1493.1,1471.2,13.27K
2019/12/4,1485.6,1488.8,1495.2,1482.3,15.90K
2019/12/5,1488.6,1486.5,1491,1483.4,4.69K
2019/12/6,1470.7,1486.7,1490,1469,15.15K
2019/12/9,1470.5,1469,1475.2,1469,4.90K
2019/12/10,1473.7,1471.6,1478.8,1469.7,8.28K
2019/12/11,1480.6,1474.3,1487.8,1472.7,13.02K
2019/12/12,1477.9,1484.2,1496.7,1474.2,5.12K
2019/12/13,1486.9,1477.9,1488.1,1472.2,7.23K
2019/12/16,1486.1,1485.8,1490,1483.4,2.83K
2019/12/17,1486.4,1486,1490.5,1484.3,10.20K
2019/12/18,1484.4,1486.2,1489.4,1480.4,5.32K
2019/12/19,1490,1485.2,1491.3,1483.1,6.56K
2019/12/20,1486.6,1488.6,1490.4,1485.2,1.45K
2019/12/23,1494.4,1487.2,1495.7,1487.2,2.46K
2019/12/24,1510.6,1495.5,1510.8,1494.1,5.11K
2019/12/26,1520.3,1509.8,1523,1508,7.83K
2019/12/27,1524.1,1521.9,1525.6,1518,10.68K
2019/12/30,1524.6,1521.9,1525,1519.6,6.88K
2019/12/31,1529.3,1523.8,1534.5,1523.8,18.81K
2020/1/2,1534.3,1527.5,1540.1,1526,19.19K
2020/1/3,1558.7,1537.9,1562.2,1536.7,19.72K
2020/1/6,1575.1,1572.2,1595.7,1568.9,48.64K
2020/1/7,1580.5,1573.1,1585.3,1563.3,45.63K
2020/1/8,1566.5,1583.3,1619.6,1559.8,55.74K
2020/1/9,1560.6,1564.3,1568.3,1547.4,35.81K
2020/1/10,1566.4,1560.1,1570.3,1553,47.51K
2020/1/13,1557,1569.5,1569.5,1553.4,82.13K
2020/1/14,1550.9,1555.4,1555.6,1542.8,43.90K
2020/1/15,1560.1,1552.9,1564.8,1552.9,44.84K
2020/1/16,1556.5,1562.6,1564.4,1554.1,32.58K
2020/1/17,1566.5,1558.3,1567.5,1555.5,37.82K
2020/1/21,1564.1,1564.2,1574.8,1552.1,68.33K
2020/1/22,1562.9,1564.4,1565.7,1556.3,76.26K
2020/1/23,1571.6,1564.7,1573.7,1557.5,69.90K
2020/1/24,1578.2,1568.4,1581.6,1562.1,124.27K
2020/1/27,1583.7,1586.1,1594.7,1581.6,138.92K
2020/1/28,1575.8,1587.1,1588.5,1570.4,194.66K
2020/1/29,1576,1572,1583,1567.9,238.02K
2020/1/30,1595.1,1587.3,1596.5,1583.1,13.36K
2020/1/31,1593.8,1584.9,1601.2,1581.2,6.87K
2020/2/3,1588.3,1603.6,1603.9,1579.1,3.91K
2020/2/4,1561.4,1588.4,1589.6,1558.7,6.79K
2020/2/5,1568.7,1563.4,1571.7,1556.9,10.77K
2020/2/6,1575.8,1564.5,1577.6,1562,3.20K
2020/2/7,1579.2,1575.7,1583.3,1570,5.77K
2020/2/10,1585.4,1581.6,1586.3,1577.8,4.94K
2020/2/11,1575.9,1581.6,1583.1,1570.9,12.95K
2020/2/12,1577.3,1576.7,1579.2,1570.5,17.80K
2020/2/13,1584.5,1574.6,1587,1574.5,4.72K
2020/2/14,1591.9,1585.3,1593.6,1581.9,16.79K
2020/2/18,1609.3,1590.4,1613.8,1587.5,17.65K
2020/2/19,1617.5,1610.2,1621.5,1608.1,6.16K
2020/2/20,1626.2,1620,1632,1612.6,15.70K
2020/2/21,1654.6,1628.3,1657.4,1627.6,19.99K
2020/2/24,1682.4,1660.3,1697,1658.8,40.17K
2020/2/25,1655.8,1670,1670,1632.6,23.32K
2020/2/26,1648.9,1643,1662.7,1632.4,20.86K
2020/2/27,1648.2,1649.9,1668.2,1642.4,22.88K
2020/2/28,1571.8,1651.7,1656.1,1569.1,65.34K
2020/3/2,1599.5,1598.4,1616.5,1581.2,23.69K
2020/3/3,1648.9,1594.3,1654.7,1594.3,34.66K
2020/3/4,1647.2,1643,1658.6,1637.4,28.13K
2020/3/5,1672,1642.7,1679.2,1641.5,27.67K
2020/3/6,1676.1,1676.9,1696.5,1646.2,71.20K
2020/3/9,1678.6,1694.5,1707.8,1660.8,54.57K
2020/3/10,1663.3,1683.4,1683.5,1644.5,52.24K
2020/3/11,1645.4,1652.4,1674.7,1635.7,85.84K
2020/3/12,1593.2,1638.7,1654,1563.4,94.80K
2020/3/13,1519.5,1581,1600.4,1507,75.40K
2020/3/16,1488.6,1564.8,1576,1453,73.79K
2020/3/17,1528.1,1505.8,1556.4,1468.6,73.57K
2020/3/18,1480.6,1533.7,1548.9,1476,73.22K
2020/3/19,1482.3,1489.7,1505.2,1462.8,64.61K
2020/3/20,1488.1,1474.7,1522.5,1460.9,46.27K
2020/3/23,1572.7,1508.4,1574.8,1489.4,98.80K
2020/3/24,1663.3,1566.3,1693.5,1566.3,175.51K
2020/3/25,1634.3,1665.5,1698,1609,107.99K
2020/3/26,1660.3,1642.2,1677.2,1612,145.43K
2020/3/27,1654.1,1653.4,1661,1630.7,159.26K
2020/3/30,1643.5,1663.1,1674,1632.3,6.14K
2020/3/31,1596.6,1640.4,1641.6,1589.3,6.07K
2020/4/1,1591.7,1590.7,1611.9,1580,5.77K
2020/4/2,1637.7,1602.9,1645.2,1596.5,7.55K
2020/4/3,1645.5,1635,1652.6,1624.3,4.33K
2020/4/6,1692.2,1648.1,1712.9,1638.2,9.30K
2020/4/7,1682.8,1705,1739.7,1672.9,7.22K
2020/4/8,1683.8,1679,1694.6,1671.2,4.76K
2020/4/9,1752.1,1678.2,1753.5,1678.2,10.13K
2020/4/13,1760.9,1739.3,1771.3,1724.4,5.10K
2020/4/14,1769.4,1762.4,1789,1748.6,9.46K
2020/4/15,1741.2,1754.2,1760.1,1732.8,5.81K
2020/4/16,1733.2,1744,1768.5,1724.6,6.73K
2020/4/17,1700.1,1740,1740,1693.1,12.31K
2020/4/20,1712.6,1694.5,1719.3,1686.4,9.96K
2020/4/21,1689.8,1713,1719.3,1668.4,13.05K
2020/4/22,1741.4,1700.5,1745.2,1698.7,8.54K
2020/4/23,1748.8,1738,1767.4,1734.8,5.56K
2020/4/24,1739.7,1756.3,1763.7,1730,6.69K
2020/4/27,1728.7,1749.2,1750,1724.5,7.47K
2020/4/28,1727.8,1729.1,1736.7,1709.4,8.40K
2020/4/29,1719.2,1730.5,1739.2,1714,5.11K
2020/4/30,1701,1733.2,1742.7,1694.1,11.76K
2020/5/1,1707.2,1699.7,1720.2,1683.3,12.18K
2020/5/4,1720.3,1718.1,1731.5,1707,11.14K
2020/5/5,1718.9,1717.5,1725.6,1703.6,14.77K
2020/5/6,1696.5,1722.3,1724.5,1691,20.00K
2020/5/7,1735.7,1694.2,1743.1,1692.3,44.14K
2020/5/8,1726.6,1737,1745.1,1716.7,46.93K
2020/5/11,1711.3,1718.1,1726.6,1705,52.43K
2020/5/12,1717.3,1712.3,1728.4,1706.2,49.23K
2020/5/13,1726.9,1716.1,1734.9,1710.5,37.39K
2020/5/14,1752.1,1734.4,1757,1726.8,21.06K
2020/5/15,1768,1750,1772.8,1748.3,20.76K
2020/5/18,1746.7,1769.4,1787.5,1741.9,27.74K
2020/5/19,1757.9,1746.8,1763.9,1739.6,24.24K
2020/5/20,1765.6,1761.4,1770.1,1757.1,35.79K
2020/5/21,1736.9,1765.3,1765.3,1731.2,59.71K
2020/5/22,1753.5,1741.6,1758,1737.8,61.87K
2020/5/26,1728.2,1753,1755.6,1721.2,152.50K
2020/5/27,1726.8,1724.1,1729.1,1701.6,158.95K
2020/5/28,1737.3,1732.3,1752.4,1728.6,3.35K
2020/5/29,1760.7,1745,1763.3,1738,2.66K
2020/6/1,1759.1,1766.5,1768.5,1746.8,1.82K
2020/6/2,1743.3,1763,1765.8,1737.5,2.20K
2020/6/3,1716.1,1744.8,1745.7,1701.5,3.46K
2020/6/4,1738.1,1716.2,1739.2,1711.3,3.07K
2020/6/5,1694.1,1731.3,1732.8,1683.8,1.74K
2020/6/8,1715.7,1694.7,1716.9,1693.8,0.77K
2020/6/9,1732.2,1715.1,1738.8,1709.8,2.73K
2020/6/10,1730.4,1732.3,1757.8,1724,2.46K
2020/6/11,1748.8,1758,1763.7,1737,1.75K
2020/6/12,1746.2,1744.9,1761.7,1738.1,0.68K
2020/6/15,1735.7,1749.7,1750.2,1715.3,1.06K
2020/6/16,1745.3,1743.7,1749.2,1732,1.17K
2020/6/17,1744.3,1745.3,1747.4,1726.4,1.26K
2020/6/18,1739.9,1745,1756.4,1731.2,1.83K
2020/6/19,1761,1738.8,1767,1738.5,1.97K
2020/6/22,1774.2,1773,1786.3,1763.1,2.61K
2020/6/23,1789.8,1773.6,1793.9,1766.4,1.49K
2020/6/24,1784,1793,1803.7,1779.6,1.47K
2020/6/25,1779.7,1778.4,1788,1773.6,3.56K
2020/6/26,1789.8,1783.7,1795.4,1763.5,2.09K
2020/6/29,1790.6,1798.1,1799.1,1786.1,1.37K
2020/6/30,1810,1793.8,1813,1784.4,3.30K
2020/7/1,1790.8,1806.9,1816.8,1778.8,4.21K
2020/7/2,1801,1790.5,1802.5,1777.5,4.65K
2020/7/6,1804.9,1797.9,1810,1791,2.54K
2020/7/7,1821.7,1806.9,1822,1793,6.82K
2020/7/8,1834,1819.7,1842.3,1816.8,6.30K
2020/7/9,1817.6,1831.8,1838.6,1814.8,5.32K
2020/7/10,1815.6,1821.2,1830.4,1810.6,5.21K
2020/7/13,1827.8,1817,1832,1815.5,4.01K
2020/7/14,1825.5,1819,1826.9,1804.5,6.31K
2020/7/15,1826.1,1824.1,1830.8,1816.5,2.41K
2020/7/16,1811.7,1825.8,1827.4,1805.5,2.86K
2020/7/17,1820.9,1808.7,1824.3,1807.1,4.31K
2020/7/20,1827.4,1821.8,1833.2,1818.1,4.49K
2020/7/21,1853.8,1829.5,1854.7,1827.2,9.18K
2020/7/22,1876.7,1852.4,1883.3,1852.4,11.13K
2020/7/23,1902.2,1883.4,1911,1875,10.77K
2020/7/24,1910.1,1897,1917.4,1893,11.64K
2020/7/27,1941.4,1913.1,1954.6,1912.3,23.25K
2020/7/28,1952.8,1948.1,1985.9,1912.2,30.15K
2020/7/29,1965.3,1960.1,1986.4,1945.1,23.27K
2020/7/30,1966.8,1986.4,1987.3,1952.3,271.38K
2020/7/31,1985.9,1973.6,2005.4,1971.4,279.32K
2020/8/3,1986.3,1997.4,2009.5,1975.2,178.75K
2020/8/4,2021,1993.5,2037.7,1982.6,274.42K
2020/8/5,2049.3,2037,2070.3,2027.5,366.38K
2020/8/6,2069.4,2055,2081.8,2049,312.76K
2020/8/7,2028,2076.4,2089.2,2024.8,398.13K
2020/8/10,2039.7,2044.8,2060.8,2027.8,251.31K
2020/8/11,1946.3,2038.4,2040.5,1911.3,565.00K
2020/8/12,1949,1921.6,1961,1874.2,459.84K
2020/8/13,1970.4,1927.3,1974.8,1923,349.89K
2020/8/14,1949.8,1963.8,1970,1939.1,241.80K
2020/8/17,1998.7,1956.4,2000.8,1939.1,289.44K
2020/8/18,2013.1,1993.6,2024.6,1985.2,361.48K
2020/8/19,1970.3,2010.5,2015.6,1930.5,443.26K
2020/8/20,1946.5,1934.4,1963.1,1928.9,383.34K
2020/8/21,1947,1955.6,1963.1,1916.6,355.07K
2020/8/24,1939.2,1947.9,1970.3,1930.8,286.26K
2020/8/25,1923.1,1935.9,1944.1,1919.1,274.11K
2020/8/26,1952.5,1939,1963.4,1908.4,342.21K
2020/8/27,1932.6,1963,1987,1914.7,467.17K
2020/8/28,1974.9,1937.5,1983,1928.2,334.10K
2020/8/31,1978.6,1973.9,1985.8,1962.3,245.11K
2020/9/1,1978.9,1973.7,2001.2,1969.2,304.89K
2020/9/2,1944.7,1976.8,1980.4,1938.9,332.59K
2020/9/3,1937.8,1948.9,1956.6,1927.2,303.03K
2020/9/4,1934.3,1938,1956.6,1921.6,304.74K
2020/9/8,1943.2,1938,1948.3,1911.7,416.01K
2020/9/9,1954.9,1939.4,1959.7,1926.3,227.18K
2020/9/10,1964.3,1955.3,1975.2,1948.6,271.48K
2020/9/11,1947.9,1953.8,1963.4,1944,205.23K
2020/9/14,1963.7,1948.9,1972.5,1945.2,200.09K
2020/9/15,1966.2,1966.2,1982.4,1955.6,239.54K
2020/9/16,1970.5,1961.4,1983.8,1957.2,298.39K
2020/9/17,1949.9,1967.6,1969.3,1938.2,273.14K
2020/9/18,1962.1,1951.1,1968.2,1951.1,174.77K
2020/9/21,1910.6,1957.3,1962.9,1885.4,386.67K
2020/9/22,1907.6,1918.1,1925.5,1898.9,282.71K
2020/9/23,1868.4,1905.1,1909.9,1856,411.56K
2020/9/24,1876.9,1866.9,1880.9,1851,345.04K
2020/9/25,1866.3,1872.7,1879.3,1854.1,230.86K
2020/9/28,1882.3,1862.7,1888.2,1851.1,235.92K
2020/9/29,1910.4,1893.4,1911.8,1889.4,2.22K
2020/9/30,1902.6,1910.2,1915.2,1893.4,3.47K
2020/10/1,1923.4,1901.1,1924.5,1897.6,2.19K
2020/10/2,1914.7,1918,1930.4,1903.5,2.00K
2020/10/5,1927,1914.3,1931.6,1898.4,2.92K
2020/10/6,1915.8,1925,1933.5,1886.3,2.92K
2020/10/7,1897.7,1889,1908.5,1884,6.46K
2020/10/8,1902.7,1897.7,1911.9,1893,7.06K
2020/10/9,1933.6,1906,1944,1906,8.33K
2020/10/12,1936.3,1942.4,1945.3,1931.3,3.01K
2020/10/13,1902.2,1936.1,1937.8,1897.8,6.20K
2020/10/14,1915.1,1903,1925.1,1892.8,2.33K
2020/10/15,1916.6,1911.5,1920.7,1900.5,3.29K
2020/10/16,1914,1920.7,1925.8,1908.8,3.17K
2020/10/19,1919.3,1912.7,1930.8,1908.5,4.53K
2020/10/20,1922.9,1913.3,1925,1904.4,4.82K
2020/10/21,1936.9,1917.8,1943.2,1917.8,5.00K
2020/10/22,1912,1935.5,1936.1,1902,6.46K
2020/10/23,1912.7,1914.5,1924.5,1902.8,4.61K
2020/10/26,1913.2,1912.3,1918.3,1900.2,4.28K
2020/10/27,1919.3,1911.4,1920.9,1906.3,5.39K
2020/10/28,1886.6,1917.4,1919.4,1876.5,6.94K
2020/10/29,1875.2,1884.1,1892,1866.7,7.49K
2020/10/30,1887.2,1875.1,1897.9,1871.1,10.61K
2020/11/2,1899.7,1885.3,1904.3,1881,11.69K
2020/11/3,1917.4,1903.4,1919,1895.4,14.98K
2020/11/4,1903.1,1917.9,1924,1888.6,21.93K
2020/11/5,1953.8,1910.5,1961.4,1910.2,24.77K
2020/11/6,1959.1,1957.4,1968.9,1944.6,37.30K
2020/11/9,1860.6,1961.7,1973.3,1854,96.86K
2020/11/10,1883,1870.8,1894.9,1865.2,52.03K
2020/11/11,1868.1,1882.6,1888.8,1860.2,45.21K
2020/11/12,1880.2,1873.5,1889.5,1867.2,46.07K
2020/11/13,1893,1883,1902.4,1878.8,20.39K
2020/11/16,1894.1,1893.7,1904.3,1868.8,31.18K
2020/11/17,1891.3,1894.3,1898.9,1882.7,21.64K
2020/11/18,1879.2,1886,1889.7,1866.2,46.70K
2020/11/19,1866.9,1877,1877.8,1855.7,42.39K
2020/11/20,1878.2,1869.8,1884.7,1864.7,46.61K
2020/11/23,1844.1,1875.9,1880.7,1834.4,108.43K
2020/11/24,1810.9,1842.6,1843,1803.7,126.76K
2020/11/25,1811.2,1812,1821.7,1804.7,133.60K
2020/11/27,1792.1,1816.7,1826,1781.2,7.72K
2020/11/30,1784.8,1795,1797,1771.3,3.74K
2020/12/1,1822.8,1784.1,1824.7,1783.3,4.19K
2020/12/2,1833.9,1823,1839.2,1814.8,7.07K
2020/12/3,1844.7,1837,1850.7,1830.5,4.06K
2020/12/4,1844,1847.9,1856.2,1836.1,4.88K
2020/12/7,1870.1,1846.7,1876.9,1829.2,8.07K
2020/12/8,1879.1,1869.8,1883.7,1868.2,4.14K
2020/12/9,1842.6,1879.1,1879.1,1832.4,5.56K
2020/12/10,1841.5,1847.5,1857.9,1836.6,4.64K
2020/12/11,1847.6,1844.6,1855.8,1831,4.30K
2020/12/14,1836.1,1849,1849,1825,3.68K
2020/12/15,1859.4,1835.5,1863,1834.2,3.22K
2020/12/16,1863,1861.5,1873.6,1852.6,4.18K
2020/12/17,1894.5,1871.6,1906,1870.5,5.68K
2020/12/18,1893,1894.8,1899.4,1886.2,2.55K
2020/12/21,1887,1896.8,1915.4,1863.3,3.96K
2020/12/22,1874.5,1886.9,1893.3,1868,4.15K
2020/12/23,1882.3,1869.4,1887.5,1865.8,2.30K
2020/12/24,1887.4,1881.8,1890,1877.3,2.57K
2020/12/28,1884.8,1890.9,1908,1877.2,3.94K
2020/12/29,1887.3,1882.1,1895.2,1880.1,4.37K
2020/12/30,1897.8,1886.5,1903,1884.3,3.35K
2020/12/31,1899.6,1903,1909.2,1893.8,5.35K
2021/1/4,1951.1,1912.5,1953,1911.3,16.79K
2021/1/5,1958.8,1950.7,1961,1942.8,12.67K
2021/1/6,1913,1958.3,1966.8,1907.2,25.53K
2021/1/7,1918,1925.9,1933.8,1912.2,10.63K
2021/1/8,1839.7,1921.6,1922.3,1832,56.15K
2021/1/11,1854.9,1852.9,1860,1821.3,54.96K
2021/1/12,1848.2,1850.7,1867.8,1840,51.42K
2021/1/13,1858.8,1858.6,1866.5,1845.7,70.54K
2021/1/14,1855.4,1849.4,1861.1,1830.4,73.07K
2021/1/15,1833.7,1850.4,1860.2,1826.1,40.61K
2021/1/19,1844,1832.3,1848.4,1804.7,90.42K
2021/1/20,1870.2,1843.2,1875.6,1834.8,52.60K
2021/1/21,1869.3,1875.6,1878.1,1861.2,48.23K
2021/1/22,1859.9,1874,1874.1,1839.7,77.97K
2021/1/25,1859,1858.6,1870.9,1850,89.52K
2021/1/26,1854.8,1858.7,1864.5,1851.1,91.25K
2021/1/27,1848.9,1854.3,1855.7,1832.4,174.14K
2021/1/28,1843.7,1847.8,1869.6,1839,10.09K
2021/1/29,1852.7,1847.6,1881,1844.2,6.79K
2021/2/1,1866,1867.3,1877.8,1854.5,16.65K
2021/2/2,1835.8,1865.8,1867.6,1833,5.63K
2021/2/3,1837.6,1841.2,1848,1832.4,6.79K
2021/2/4,1793.8,1837.5,1838,1787.3,5.83K
2021/2/5,1815.6,1797.5,1817.9,1795.4,6.31K
2021/2/8,1836.8,1818.9,1842.2,1809.9,6.06K
2021/2/9,1840.2,1835,1852,1833,3.40K
2021/2/10,1845.6,1842.3,1858.9,1837.8,5.70K
2021/2/11,1829.8,1847.4,1850.8,1825.5,4.30K
2021/2/12,1826,1829.3,1833,1813.3,3.84K
2021/2/16,1801.9,1828,1829.9,1791.6,6.43K
2021/2/17,1775.8,1795.1,1796.9,1771.6,8.11K
2021/2/18,1778,1779,1790.8,1769.5,5.73K
2021/2/19,1780.3,1777.7,1793.1,1762.9,7.96K
2021/2/22,1811.2,1785.8,1814.7,1781.5,6.10K
2021/2/23,1808.6,1812.2,1817.6,1797.4,5.53K
2021/2/24,1800.8,1807.9,1815,1785,6.49K
2021/2/25,1778.4,1806.9,1806.9,1767.1,9.09K
2021/2/26,1731.6,1771.5,1775.6,1718.1,16.64K
2021/3/1,1725.8,1735.4,1759.9,1720.2,10.64K
2021/3/2,1736.5,1724.5,1740.1,1707.8,11.03K
2021/3/3,1718.7,1739.1,1741,1702.9,12.21K
2021/3/4,1703.7,1712.3,1724.1,1690.8,21.57K
2021/3/5,1701.6,1698.4,1708.3,1685.8,52.83K
2021/3/8,1680.8,1703.9,1714.9,1676.2,64.06K
2021/3/9,1719.7,1683.1,1721.4,1679.7,48.45K
2021/3/10,1724.5,1717.4,1727.8,1708.4,58.59K
2021/3/11,1725.2,1727.6,1740.4,1719.3,50.44K
2021/3/12,1722.4,1722.6,1730.4,1699.4,42.74K
2021/3/15,1731.8,1728.2,1735.5,1721.8,19.53K
2021/3/16,1733.2,1732.5,1742.6,1727.1,16.65K
2021/3/17,1729.2,1732.4,1752.7,1724.1,15.64K
2021/3/18,1734.6,1745.9,1756,1719.1,19.36K
2021/3/19,1743.9,1736.3,1748.2,1729.3,40.49K
2021/3/22,1740.4,1747.5,1749.2,1728.6,38.35K
2021/3/23,1727.5,1741.2,1744.4,1725.2,65.40K
2021/3/24,1735.5,1728.2,1739.9,1724.8,72.47K
2021/3/25,1727.3,1736,1747.1,1722.5,74.22K
2021/3/26,1734.7,1727.5,1737.9,1721.2,99.68K
2021/3/29,1714.6,1732.4,1734.8,1705.6,182.75K
2021/3/30,1687.9,1714.8,1715.8,1680.6,2.72K
2021/3/31,1717.5,1687.3,1718.1,1679.4,2.71K
2021/4/1,1730.3,1711.4,1733.2,1708.8,2.20K
2021/4/5,1730.7,1732.1,1735.9,1723.6,1.37K
2021/4/6,1745,1731.8,1748.3,1730.7,3.87K
2021/4/7,1743.6,1746.6,1747.2,1734,1.72K
2021/4/8,1760.3,1739.5,1761.2,1735.8,4.00K
2021/4/9,1746.8,1757.3,1759,1732.9,4.02K
2021/4/12,1734.6,1745.2,1748,1729.6,3.63K
2021/4/13,1749.5,1734.7,1751.2,1725.5,4.27K
2021/4/14,1738.2,1748.4,1752.5,1734.7,2.79K
2021/4/15,1768.8,1738.8,1772.4,1736.8,3.88K
2021/4/16,1782.2,1766.2,1786.2,1763.7,2.57K
2021/4/19,1772.7,1780.1,1791.7,1768.6,1.87K
2021/4/20,1780.4,1772.7,1782.6,1765.8,1.91K
2021/4/21,1795.2,1780.6,1800,1779,3.26K
2021/4/22,1784,1797,1800,1779.3,2.13K
2021/4/23,1779.9,1786.3,1798.2,1771.7,5.12K
2021/4/26,1782.3,1776,1784.9,1770.8,3.72K
2021/4/27,1781,1783.2,1787.8,1776.6,7.80K
2021/4/28,1776.1,1777.3,1784.7,1763.9,5.98K
2021/4/29,1770.5,1784.2,1791.5,1756.8,8.69K
2021/4/30,1769.8,1773.9,1775,1765.6,17.31K
2021/5/3,1794,1770.4,1800.8,1768.5,7.92K
2021/5/4,1778.2,1795.1,1801.6,1771.6,9.94K
2021/5/5,1786.5,1780.9,1790.2,1771.5,20.46K
2021/5/6,1817.9,1789,1820.5,1784.1,23.09K
2021/5/7,1833.5,1817.3,1846.5,1815.7,26.44K
2021/5/10,1839.8,1836.1,1848.4,1832.8,64.97K
2021/5/11,1838.1,1837.6,1844.3,1819.8,71.63K
2021/5/12,1824.8,1840.2,1846.5,1815,55.16K
2021/5/13,1826.1,1816.6,1830.9,1810.7,41.80K
2021/5/14,1840,1829.3,1849,1821.3,24.14K
2021/5/17,1869.6,1843.5,1871.1,1843.1,42.11K
2021/5/18,1870.1,1869.1,1877.8,1865.6,49.55K
2021/5/19,1883.4,1872.2,1893.2,1854.4,58.81K
2021/5/20,1883.9,1872.2,1887.2,1866.2,44.91K
2021/5/21,1878.9,1880.4,1892.3,1872.5,53.04K
2021/5/24,1886.7,1885.6,1890,1877.9,55.84K
2021/5/25,1900.5,1883.4,1903.7,1875.4,176.60K
2021/5/26,1903.8,1902.4,1915.6,1893,178.18K
2021/5/27,1900.1,1900.9,1907.7,1892.8,3.11K
2021/5/28,1906.9,1901.5,1910,1886.6,1.21K
2021/6/1,1906.9,1909.3,1920.5,1896.5,1.90K
2021/6/2,1911.7,1903,1913.5,1898.6,0.89K
2021/6/3,1875.2,1911.7,1913.6,1869.3,1.71K
2021/6/4,1893.8,1875,1900.5,1857.6,1.78K
2021/6/7,1900.6,1894.3,1904.6,1885.6,1.02K
2021/6/8,1896.4,1903.2,1908,1888,1.58K
2021/6/9,1897.5,1896.4,1903.4,1892,0.64K
2021/6/10,1898.3,1892.9,1905,1874.4,1.60K
2021/6/11,1881.7,1903.7,1907.5,1879,1.57K
2021/6/14,1867.9,1880.7,1881.2,1847.8,1.78K
2021/6/15,1858.4,1869.9,1872.8,1855,0.77K
2021/6/16,1863.4,1863.5,1866.7,1810,1.15K
2021/6/17,1776.7,1815.7,1827.9,1770,3.08K
2021/6/18,1770.9,1776.8,1798.2,1763.3,2.40K
2021/6/21,1784.8,1769.3,1788.3,1769.3,1.24K
2021/6/22,1779.3,1784.4,1791.6,1775,0.60K
2021/6/23,1785.3,1780.3,1797,1775.3,0.86K
2021/6/24,1778.7,1780.2,1790,1775.1,0.93K
2021/6/25,1779.8,1776.9,1792.2,1776.3,1.33K
2021/6/28,1782.7,1783.1,1786.6,1773.6,0.64K
2021/6/29,1765.4,1780.5,1780.6,1752.5,1.35K
2021/6/30,1773.5,1763.9,1775.4,1755.4,1.30K
2021/7/1,1778.5,1772.5,1785,1768.3,1.10K
2021/7/2,1785.2,1780.2,1797.6,1777,1.11K
2021/7/6,1795.9,1787.4,1817.2,1787,3.97K
2021/7/7,1803.9,1798.1,1811.9,1796,1.60K
2021/7/8,1801.9,1806.6,1821,1795.5,3.63K
2021/7/9,1812.1,1805.4,1814.6,1798.4,3.83K
2021/7/12,1807.6,1809.9,1811,1793.5,2.38K
2021/7/13,1811.7,1808.8,1819.4,1800.5,3.16K
2021/7/14,1826.7,1809.8,1832.4,1807.2,2.39K
2021/7/15,1830.8,1830.1,1836.2,1822.7,5.06K
2021/7/16,1816.7,1832.2,1833.8,1811.6,4.48K
2021/7/19,1810.9,1814,1819.5,1797.3,3.00K
2021/7/20,1813.1,1814.6,1827.2,1807,7.14K
2021/7/21,1805.1,1811.5,1815.9,1796.6,4.22K
2021/7/22,1807.1,1805.8,1810.1,1794,4.32K
2021/7/23,1803.6,1809.1,1812.2,1791,8.98K
2021/7/26,1801.1,1804,1813.8,1798,10.14K
2021/7/27,1801.7,1799.2,1807.2,1794.8,8.57K
2021/7/28,1801.8,1800.5,1811,1793,23.61K
2021/7/29,1835.8,1811.5,1837.5,1810.9,212.07K
2021/7/30,1817.2,1832.5,1835.5,1813.1,157.14K
2021/8/2,1822.2,1817,1823.2,1808.2,159.76K
2021/8/3,1814.1,1816.8,1818.2,1809.5,103.45K
2021/8/4,1814.5,1813.7,1835.9,1808.3,244.68K
2021/8/5,1808.9,1814.9,1817.9,1799.7,169.84K
2021/8/6,1763.1,1806.7,1807,1759.5,323.15K
2021/8/9,1726.5,1765,1765.7,1677.9,289.54K
2021/8/10,1731.7,1732,1739.4,1718.5,182.56K
2021/8/11,1753.3,1730.4,1756.7,1724.6,185.44K
2021/8/12,1751.8,1752.9,1759.6,1742.6,137.12K
2021/8/13,1778.2,1754.4,1781.9,1753,144.81K
2021/8/16,1789.8,1780.9,1791.3,1772,137.70K
2021/8/17,1787.8,1789.1,1797.6,1782.1,144.82K
2021/8/18,1784.4,1787.8,1795.7,1778.8,132.73K
2021/8/19,1783.1,1789.5,1795,1774.6,151.25K
2021/8/20,1784,1782.8,1791,1780,107.97K
2021/8/23,1806.3,1781.2,1809.1,1778,156.32K
2021/8/24,1808.5,1807.6,1812.2,1802.6,114.79K
2021/8/25,1791,1805.1,1805.3,1784,163.46K
2021/8/26,1795.2,1793,1800.4,1781.3,134.53K
2021/8/27,1819.5,1795.2,1821.9,1785.2,203.64K
2021/8/30,1812.2,1821.6,1826.5,1810,104.88K
2021/8/31,1818.1,1812.2,1821.9,1803.4,170.39K
2021/9/1,1816,1816.7,1822.7,1810.6,140.12K
2021/9/2,1811.5,1816.2,1819.6,1806.5,113.03K
2021/9/3,1833.7,1811.5,1836.9,1810.9,184.98K
2021/9/7,1798.5,1833.5,1833.5,1793.7,252.48K
2021/9/8,1793.5,1796.1,1804.4,1783.1,161.26K
2021/9/9,1800,1790.9,1803.4,1785.1,154.13K
2021/9/10,1792.1,1796.2,1806,1788.2,136.25K
2021/9/13,1794.4,1789.8,1800.2,1784.4,114.31K
2021/9/14,1807.1,1794.8,1810.6,1780.6,197.95K
2021/9/15,1794.8,1806.6,1808.5,1791.7,139.30K
2021/9/16,1756.7,1795.5,1797.3,1745.5,255.27K
2021/9/17,1751.4,1754.6,1767.8,1747.1,183.25K
2021/9/20,1763.8,1754.2,1768.4,1742.3,152.45K
2021/9/21,1778.2,1765.5,1782.8,1758.3,141.62K
2021/9/22,1778.8,1775,1788.4,1764.6,172.35K
2021/9/23,1749.8,1769.2,1777.1,1737.5,225.46K
2021/9/24,1751.7,1743.7,1758,1740.2,151.55K
2021/9/27,1752,1751.8,1760.9,1744.7,137.57K
2021/9/28,1737.5,1750,1754.3,1727.8,215.84K
2021/9/29,1724.9,1736,1747.6,1723.7,2.05K
2021/9/30,1758.5,1728.1,1766.3,1724.5,15.87K
2021/10/1,1760.1,1759.1,1766.4,1751.6,5.81K
2021/10/4,1769.4,1762.4,1772.6,1749.7,2.67K
2021/10/5,1762.8,1772.9,1772.9,1751.1,4.83K
2021/10/6,1763.7,1762.4,1767.4,1747.9,3.61K
2021/10/7,1761.1,1765.7,1769.3,1754.5,5.37K
2021/10/8,1759.4,1756.4,1783.2,1755.6,7.54K
2021/10/11,1757.7,1760.3,1762.3,1752.1,4.27K
2021/10/12,1761.2,1755.7,1771.7,1753.8,4.82K
2021/10/13,1796.7,1761.9,1798.4,1760,5.67K
2021/10/14,1799.8,1795.7,1803.6,1789.9,4.07K
2021/10/15,1770.2,1799.4,1799.4,1767,3.80K
2021/10/18,1767.6,1769.5,1773.6,1762.8,1.57K
2021/10/19,1772.4,1766.8,1787.7,1765.6,1.56K
2021/10/20,1786.8,1771.5,1791.1,1771.1,4.21K
2021/10/21,1783.8,1784.5,1791.6,1780,1.02K
2021/10/22,1798.3,1786.8,1817.5,1785.6,12.85K
2021/10/25,1808.8,1796.4,1813.3,1795.3,6.08K
2021/10/26,1795.4,1810.8,1811.2,1784.9,3.37K
2021/10/27,1800.8,1796.5,1802.7,1786.7,2.79K
2021/10/28,1804.7,1799.9,1814.6,1795.2,12.55K
2021/10/29,1785.9,1803.3,1804.2,1774.6,9.21K
2021/11/1,1797.9,1786.8,1799.5,1782.9,11.68K
2021/11/2,1791.5,1796.7,1799.4,1789.7,7.90K
2021/11/3,1766,1791,1791,1761,6.75K
2021/11/4,1795.6,1773,1802.2,1773,8.08K
2021/11/5,1819,1794.8,1822.2,1787.6,48.24K
2021/11/8,1830.2,1822.2,1830.4,1815.9,39.67K
2021/11/9,1832.9,1828.4,1836.9,1823.2,54.48K
2021/11/10,1850.6,1835.7,1872.8,1825.2,73.44K
2021/11/11,1866.3,1853.9,1870.8,1847.6,47.68K
2021/11/12,1870.8,1866.3,1873.3,1849.9,28.48K
2021/11/15,1869.2,1876.3,1876.3,1861,87.36K
2021/11/16,1856.7,1867.4,1881.9,1853.5,24.65K
2021/11/17,1872.8,1854.5,1873.1,1853.8,34.03K
2021/11/18,1864,1871.7,1875.9,1859.4,50.58K
2021/11/19,1854.3,1863.8,1870.5,1847,62.34K
2021/11/22,1809.1,1850.7,1853,1805.3,140.29K
2021/11/23,1786.3,1808.7,1815.2,1784.3,150.81K
2021/11/24,1786.9,1792.3,1798.8,1780.2,103.43K
2021/11/26,1788.1,1792.3,1819.3,1781.6,180.64K
2021/11/29,1787.1,1792.4,1803,1784,3.17K
2021/11/30,1778.3,1788.8,1813.1,1773.2,3.42K
2021/12/1,1786.3,1778.4,1796.2,1775.7,4.08K
2021/12/2,1764.7,1786.1,1786.9,1764.2,5.57K
2021/12/3,1785.8,1772.5,1789.6,1768.5,6.77K
2021/12/6,1781.5,1790,1790.1,1778.7,2.89K
2021/12/7,1786.8,1782.1,1791.2,1774.5,5.25K
2021/12/8,1787.6,1788.1,1796.2,1782.6,2.70K
2021/12/9,1778.9,1786.4,1790.4,1775.4,5.16K
2021/12/10,1787,1779.1,1793.1,1772.9,6.46K
2021/12/13,1790.6,1786.6,1794.2,1784.6,5.02K
2021/12/14,1774.7,1790,1791.4,1768.6,6.65K
2021/12/15,1766.9,1774.3,1783.3,1755.4,1.84K
2021/12/16,1800.7,1781.2,1803.1,1778.4,7.25K
2021/12/17,1807.3,1803.7,1818,1799.3,8.37K
2021/12/20,1796.9,1802.4,1805.5,1791.4,3.80K
2021/12/21,1791.1,1794.3,1803.6,1787.6,4.59K
2021/12/22,1804.6,1791.8,1808.1,1788.6,1.60K
2021/12/23,1814,1806.9,1814.2,1801.6,2.46K
2021/12/27,1811.1,1809,1816.8,1806,2.57K
2021/12/28,1813.3,1814.9,1823.6,1808,2.64K
2021/12/29,1808.2,1809.8,1810,1791.9,3.24K
2021/12/30,1816.6,1807.4,1820.3,1798.8,6.52K
2021/12/31,1831,1819.1,1833.6,1818,5.23K
2022/1/3,1802.4,1832.9,1835.4,1800.5,9.97K
2022/1/4,1817,1804.5,1819.5,1800.6,10.86K
2022/1/5,1827.5,1817,1832.6,1811.6,10.32K
2022/1/6,1791.5,1813.5,1813.7,1788,33.20K
2022/1/7,1799.9,1793,1800.7,1783.8,71.89K
2022/1/10,1801.3,1798,1804.4,1792,39.84K
2022/1/11,1821,1803.7,1825.5,1802.3,40.67K
2022/1/12,1829.8,1823.7,1830.4,1816.9,45.50K
2022/1/13,1823.9,1828,1830.5,1814.3,86.51K
2022/1/14,1819,1823.5,1831.5,1816.8,25.16K
2022/1/18,1814.9,1819.8,1825.2,1807.2,102.42K
2022/1/19,1845.5,1816.4,1846.1,1811.6,88.81K
2022/1/20,1844.9,1842.9,1850.8,1838.4,80.38K
2022/1/21,1834.1,1842.6,1845.8,1830.6,68.74K
2022/1/24,1844.2,1838.3,1847.2,1831.9,103.78K
2022/1/25,1855,1846,1856.7,1836.8,77.99K
2022/1/26,1832,1850.7,1852.6,1816.4,154.39K
2022/1/27,1795,1821.4,1823.8,1792.7,206.38K
2022/1/28,1789.3,1801.6,1802.7,1783.8,7.00K
2022/1/31,1799.2,1795.4,1803.2,1788.9,7.66K
2022/2/1,1804.3,1800.9,1812.4,1800,3.20K
2022/2/2,1813.2,1803,1814.4,1797.6,3.75K
2022/2/3,1807,1809.9,1812,1791.6,3.60K
2022/2/4,1810.8,1808.6,1818.6,1794.9,6.89K
2022/2/7,1824.7,1810.9,1827.5,1810.7,5.59K
2022/2/8,1831,1824.5,1832.8,1819.2,10.19K
2022/2/9,1839.7,1830,1840,1829,6.96K
2022/2/10,1840.7,1837.2,1846.4,1825.1,14.23K
2022/2/11,1845.5,1830.4,1870.6,1824.4,9.35K
2022/2/14,1872.8,1866.7,1879.6,1855.3,5.15K
2022/2/15,1859.6,1876.3,1884.8,1849.2,5.03K
2022/2/16,1874.9,1858.6,1877.4,1855.4,5.49K
2022/2/17,1905.3,1875,1906.6,1873.3,10.08K
2022/2/18,1903.1,1905,1907.9,1891.8,4.60K
2022/2/22,1910.7,1904.7,1921.5,1893,15.12K
2022/2/23,1913.7,1904.1,1916,1894.5,7.72K
2022/2/24,1929.4,1915.1,1979.1,1882,22.15K
2022/2/25,1890.8,1909.5,1928,1887.7,8.22K
2022/2/28,1904,1921,1938.1,1895.6,9.26K
2022/3/1,1947.1,1912.2,1955.6,1906.6,9.48K
2022/3/2,1925.6,1949.5,1954.2,1919.5,10.16K
2022/3/3,1939.3,1934.2,1947.6,1926.6,14.29K
2022/3/4,1969.9,1942.1,1978.1,1934.9,12.27K
2022/3/7,1999.2,1981.3,2010.3,1967.8,73.28K
2022/3/8,2046.7,2004.1,2082,1989.6,73.70K
2022/3/9,1991.7,2060.2,2070.4,1984.6,63.78K
2022/3/10,2004.5,1996.9,2018.3,1978.8,94.69K
2022/3/11,1989.4,2004.6,2007.6,1964.8,84.98K
2022/3/14,1965.5,1993.5,1999,1956.7,24.89K
2022/3/15,1934.7,1958.7,1961.1,1913.5,49.53K
2022/3/16,1914.3,1924.9,1934.8,1900.4,40.17K
2022/3/17,1948.2,1933.4,1955.6,1929,36.57K
2022/3/18,1933.9,1947.9,1950.9,1922.7,37.36K
2022/3/21,1934.8,1927.4,1947.2,1922.2,50.54K
2022/3/22,1926.7,1941,1944.7,1915.5,47.98K
2022/3/23,1942.6,1926.3,1953.9,1920.7,57.22K
2022/3/24,1967.7,1948.9,1972.5,1942.9,71.41K
2022/3/25,1959.8,1963.2,1970.4,1948.2,63.34K
2022/3/28,1944.7,1962.5,1965.2,1920.7,109.25K
2022/3/29,1918,1927.2,1934.4,1893.2,214.61K
2022/3/30,1944.1,1930,1948.3,1925.4,3.76K
2022/3/31,1959.5,1942.5,1960.4,1928.6,7.31K
2022/4/1,1929.2,1947.9,1949.5,1927.1,2.17K
2022/4/4,1939.7,1933.5,1946.1,1924,2.95K
2022/4/5,1933.5,1941.5,1954.4,1927.2,4.70K
2022/4/6,1929.3,1933.4,1942.2,1922.3,3.99K
2022/4/7,1944.2,1932.9,1948,1930,6.75K
2022/4/8,1952.2,1941.4,1958.3,1937.7,6.83K
2022/4/11,1955,1957.1,1981.2,1949.9,5.74K
2022/4/12,1983,1965,1989.1,1960.4,9.08K
2022/4/13,1991.5,1976.6,1992.2,1974,9.41K
2022/4/14,1981.6,1988.7,1990.6,1969.6,3.13K
2022/4/18,1993.3,1983.1,2009.5,1981.8,1.60K
2022/4/19,1965.8,1987.8,1991.6,1952.8,5.38K
2022/4/20,1962.3,1959,1967.3,1947.8,5.75K
2022/4/21,1955,1964.2,1966.2,1944.8,11.80K
2022/4/22,1941.4,1960,1964.5,1935,12.26K
2022/4/25,1903,1937.4,1942.6,1898.8,17.15K
2022/4/26,1911.1,1907.3,1918.7,1904.2,8.90K
2022/4/27,1895.6,1914,1914.8,1888.8,5.84K
2022/4/28,1898.3,1893,1904.3,1877.8,6.72K
2022/4/29,1918.6,1902.5,1928.2,1900.6,7.74K
2022/5/2,1870.6,1903.1,1907.4,1860.8,9.78K
2022/5/3,1877.8,1870.4,1885,1856.7,24.90K
2022/5/4,1876.2,1876.1,1898.8,1868.8,29.35K
2022/5/5,1883,1891.3,1917.6,1879.6,28.69K
2022/5/6,1890.2,1884.5,1900.8,1872.4,52.58K
2022/5/9,1865.9,1890.9,1891.8,1858.6,71.72K
2022/5/10,1848.4,1860.3,1871.6,1841.9,90.25K
2022/5/11,1861,1844.9,1864.5,1838,60.05K
2022/5/12,1831.6,1858.8,1865.8,1827.2,71.42K
2022/5/13,1814.8,1828.1,1834.2,1804,21.40K
2022/5/16,1820.4,1816,1832.4,1792,27.77K
2022/5/17,1825.4,1831.7,1840.9,1817.8,27.00K
2022/5/18,1822.4,1820.2,1829.3,1811.7,40.54K
2022/5/19,1847.8,1821.3,1854.5,1814.9,38.86K
2022/5/20,1848.4,1847.4,1854,1837.3,42.70K
2022/5/23,1853.9,1850.9,1870.4,1849.7,62.66K
2022/5/24,1871.4,1858.6,1875,1853.9,76.58K
2022/5/25,1852.5,1871.2,1872.7,1845,99.60K
2022/5/26,1853.9,1857.9,1859,1842.5,92.09K
2022/5/27,1865,1863,1873.4,1859.8,1.64K
2022/5/31,1856.3,1862,1875.3,1847.1,2.93K
2022/6/1,1856.7,1846.2,1860.7,1838.6,1.11K
2022/6/2,1879.4,1856.9,1882.1,1856.9,1.24K
2022/6/3,1858.3,1880.9,1886.4,1858,0.84K
2022/6/6,1851.9,1863.4,1869,1851.8,0.29K
2022/6/7,1860.5,1852.3,1866,1847.1,0.58K
2022/6/8,1865,1863.7,1870.6,1855.4,1.85K
2022/6/9,1861.2,1863.9,1865,1850.7,1.06K
2022/6/10,1883.9,1858.5,1887.4,1835,2.02K
2022/6/13,1840.2,1887.4,1890.6,1828,3.02K
2022/6/14,1822.4,1828.8,1841.3,1814.9,6.44K
2022/6/15,1828.6,1818.2,1854,1817.8,3.10K
2022/6/16,1858.9,1844.9,1869,1825.8,2.24K
2022/6/17,1849.6,1870,1870,1845.3,0.88K
2022/6/21,1847.8,1847.5,1856,1840,3.73K
2022/6/22,1847.4,1843.1,1859,1833.6,2.54K
2022/6/23,1838.6,1848.5,1857.6,1832.4,2.55K
2022/6/24,1839.3,1833.6,1842.3,1826.7,3.38K
2022/6/27,1833.9,1848.5,1851.5,1831.2,1.80K
2022/6/28,1830.3,1833,1839.5,1828.9,2.99K
2022/6/29,1826.5,1830.2,1843.6,1820,1.43K
2022/6/30,1816.3,1828,1835.1,1811.9,2.83K
2022/7/1,1810.4,1814.8,1822,1792.7,3.28K
2022/7/5,1772.8,1823,1823.9,1772,2.66K
2022/7/6,1745.1,1775.6,1779.4,1739.4,4.85K
2022/7/7,1748.3,1746.5,1756.6,1744.5,2.88K
2022/7/8,1750.9,1747.9,1760.2,1734.8,6.63K
2022/7/11,1740.3,1750,1751.3,1737.6,6.75K
2022/7/12,1733.4,1740.2,1747.5,1730.2,5.71K
2022/7/13,1744,1732,1752.3,1713.1,5.40K
2022/7/14,1714.5,1741.2,1741.2,1703.8,5.76K
2022/7/15,1711.6,1716.6,1722.8,1705.5,2.93K
2022/7/18,1717.7,1713.2,1729.6,1712.1,5.88K
2022/7/19,1718,1713.2,1723.7,1710.6,5.09K
2022/7/20,1707.7,1717,1719.9,1698,4.85K
2022/7/21,1721.1,1701.7,1726.8,1686.3,7.29K
2022/7/22,1735,1724.6,1745.3,1719.5,7.71K
2022/7/25,1727.1,1733.8,1742,1720.8,6.09K
2022/7/26,1726,1725.3,1733.9,1720,10.32K
2022/7/27,1728,1724.2,1748,1717.5,17.57K
2022/7/28,1769.2,1751.4,1774.4,1750.4,192.86K
2022/7/29,1781.8,1773.1,1784.6,1768.4,140.67K
2022/8/1,1787.7,1782.5,1792.5,1774.3,133.74K
2022/8/2,1789.7,1789.2,1805,1776,174.17K
2022/8/3,1776.4,1777.3,1789.4,1770,151.73K
2022/8/4,1806.9,1782.1,1812,1779.4,153.29K
2022/8/5,1791.2,1807.7,1811.6,1780.2,168.90K
2022/8/7,1790.5,1792,1792,1787.6,2.26K
2022/8/8,1805.2,1790.3,1806.4,1786.9,103.68K
2022/8/9,1812.3,1805.5,1817,1799.4,120.51K
2022/8/10,1813.7,1811.5,1824.6,1803.3,154.59K
2022/8/11,1807.2,1807.9,1814.9,1798.6,121.26K
2022/8/12,1815.5,1805.2,1819.1,1799.6,118.65K
2022/8/14,1815.1,1818.1,1818.5,1815.1,2.76K
2022/8/15,1798.1,1818.9,1818.9,1787.6,137.77K
2022/8/16,1789.7,1795.5,1798,1785.4,94.40K
2022/8/17,1776.7,1790.8,1796.6,1773.9,137.83K
2022/8/18,1771.2,1777.1,1786.3,1768.8,124.32K
2022/8/19,1762.9,1773.1,1773.3,1759.1,138.70K
2022/8/21,1759.1,1760.5,1761.7,1758.4,2.14K
2022/8/22,1748.4,1760.6,1762.1,1740.2,142.86K
2022/8/23,1761.2,1750,1767.5,1743.1,145.26K
2022/8/24,1761.5,1761.3,1769.5,1754.8,112.65K
2022/8/25,1771.4,1764.4,1778.8,1763,117.57K
2022/8/26,1749.8,1771.8,1772.3,1746.2,176.90K
2022/8/28,1746.2,1750.8,1750.8,1744.9,5.62K
2022/8/29,1749.7,1748.4,1757.9,1731.4,156.22K
2022/8/30,1736.3,1749.8,1752.8,1732.9,130.66K
2022/8/31,1726.2,1735.5,1738,1720.6,176.73K
2022/9/1,1709.3,1723,1723,1699.1,198.62K
2022/9/2,1722.6,1707.8,1729.5,1705.9,174.68K
2022/9/4,1718.9,1724.2,1724.2,1718.9,2.26K
2022/9/5,1724.8,1718.8,1726.5,1718.7,52.23K
2022/9/6,1712.9,1724.2,1737.4,1710.6,206.27K
2022/9/7,1727.8,1712.9,1731.2,1701.7,173.62K
2022/9/8,1720.2,1729.5,1739.4,1713.7,1.69K
2022/9/9,1728.6,1719.6,1740.5,1719.4,154.71K
2022/9/11,1729.5,1728.4,1731.4,1728.1,2.79K
2022/9/12,1740.6,1728.4,1746.4,1722.3,154.37K
2022/9/13,1717.4,1736,1742.9,1706.7,232.70K
2022/9/14,1709.1,1711.6,1717.3,1703.3,163.29K
2022/9/15,1677.3,1707.2,1707.8,1668.9,268.09K
2022/9/16,1683.5,1673.7,1689.9,1661.9,217.23K
2022/9/18,1686.6,1684.4,1688.7,1683.1,4.12K
2022/9/19,1678.2,1685.4,1688.8,1667.6,141.17K
2022/9/20,1671.1,1684.9,1688.8,1668.1,143.93K
2022/9/21,1675.7,1673.2,1696.9,1661.3,227.94K
2022/9/22,1681.1,1682.8,1693.5,1663.3,241.28K
2022/9/23,1655.6,1680.1,1685,1646.6,243.05K
2022/9/25,1651.3,1653.2,1653.2,1647.5,4.59K
2022/9/26,1633.4,1651,1657.2,1627.7,219.86K
2022/9/27,1636.2,1629.2,1650.1,1628.7,197.06K
2022/9/28,1670,1636.5,1671.6,1622.2,279.82K
2022/9/29,1681.6,1682,1685.6,1662.6,4.51K
2022/9/30,1684.9,1682.7,1696.7,1681,2.24K
2022/10/2,1684.9,1682.4,1685.3,1682,0.04K
2022/10/3,1714.9,1682.4,1722.8,1679.5,7.15K
2022/10/4,1743.7,1722.6,1751.6,1717.9,7.09K
2022/10/5,1734.2,1747.5,1749.4,1723.1,9.56K
2022/10/6,1734.3,1739,1746.8,1728.4,5.94K
2022/10/7,1722.8,1734.8,1735,1712.4,6.08K
2022/10/9,1719.2,1716.5,1720,1716.5,0.03K
2022/10/10,1688.8,1717,1720,1686.2,5.85K
2022/10/11,1699.5,1689.3,1704.6,1681.7,6.04K
2022/10/12,1691.1,1686.3,1698,1682.1,6.02K
2022/10/13,1690.8,1694.3,1702,1662,7.67K
2022/10/14,1662.8,1686.1,1691.2,1659.9,8.87K
2022/10/16,1667,1663.2,1667,1663.2,0.04K
2022/10/17,1677.8,1663.2,1688,1663.2,2.36K
2022/10/18,1669.6,1669.7,1679.6,1664.6,3.04K
2022/10/19,1648,1671.1,1672.9,1646.2,4.34K
2022/10/20,1650.7,1648.5,1664,1640.6,3.05K
2022/10/21,1670.2,1645.7,1676.5,1635,7.25K
2022/10/23,1678.9,1676.5,1686.1,1675.2,0.09K
2022/10/24,1668.1,1676.5,1686.1,1662,7.08K
2022/10/25,1672.2,1670.1,1680,1655.4,18.34K
2022/10/26,1683.4,1671.1,1693,1668.3,17.17K
2022/10/27,1680,1682.2,1688.5,1673,8.61K
2022/10/28,1659.1,1681.5,1684.8,1655.2,13.64K
2022/10/30,1661,1661.7,1661.7,1659.5,0.10K
2022/10/31,1654.9,1661.5,1662.5,1649.1,7.30K
2022/11/1,1663.8,1649.9,1674.3,1648.8,22.97K
2022/11/2,1664.1,1664.9,1687,1651.4,21.14K
2022/11/3,1644.9,1652.4,1656.8,1632.4,28.12K
2022/11/4,1690.6,1645.8,1700.4,1645.8,18.09K
2022/11/6,1690.2,1692.4,1695.5,1690,0.56K
2022/11/7,1694.5,1692.5,1699.2,1684,45.28K
2022/11/8,1730,1691.6,1734.3,1681.3,57.68K
2022/11/9,1727.8,1729.4,1739.9,1719.4,52.46K
2022/11/10,1767.8,1723.5,1774.6,1720.2,64.74K
2022/11/11,1783.5,1771.8,1788.4,1764.9,47.44K
2022/11/13,1780.7,1783.4,1783.4,1778.2,0.11K
2022/11/14,1790.8,1783.5,1792.4,1770,30.96K
2022/11/15,1791.6,1788.3,1806,1784.5,88.74K
2022/11/16,1791,1797,1802.7,1788.3,48.04K
2022/11/17,1777.8,1775,1792.6,1771.4,28.83K
2022/11/18,1769,1777.6,1784.5,1764,31.81K
2022/11/20,1769.1,1766.7,1769.4,1766.2,0.20K
2022/11/21,1754.6,1766.6,1769.7,1748.8,66.25K
2022/11/22,1754.8,1755.4,1765.8,1752.4,60.48K
2022/11/23,1760.4,1755.6,1769.7,1733.5,73.08K
2022/11/24,1770.2,1767.9,1773.8,1767.4,19.33K
2022/11/25,1768.8,1765.2,1776,1760.6,62.95K
2022/11/27,1765.3,1769.9,1770.6,1764.8,1.47K
2022/11/28,1755.3,1771.1,1778.5,1753.3,128.55K
2022/11/29,1778.7,1769.4,1788,1769.2,2.43K
2022/11/30,1775.1,1777.7,1799.3,1773.7,3.78K
2022/12/1,1830.3,1798,1833.2,1798,3.78K
2022/12/2,1824.7,1831.5,1833.8,1807.3,3.02K
2022/12/4,1827.1,1826.5,1827.7,1824.3,0.02K
2022/12/5,1796.5,1826.5,1837.3,1793.6,4.95K
2022/12/6,1797.6,1796.3,1808,1794.9,2.96K
2022/12/7,1813.2,1798.3,1817.9,1797.2,3.35K
2022/12/8,1816.7,1813.9,1821.9,1808.5,2.77K
2022/12/9,1825.9,1817.2,1833.4,1815.8,4.51K
2022/12/11,1821.3,1823.8,1823.8,1821.3,0.01K
2022/12/12,1807.4,1823.8,1823.8,1804.9,3.36K
2022/12/13,1840.5,1807.7,1851.4,1807.1,6.09K
2022/12/14,1833.8,1837.3,1840,1821.6,3.00K
2022/12/15,1803.1,1834.4,1834.4,1797.6,3.94K
2022/12/16,1815.6,1802.4,1819.2,1799.2,3.23K
2022/12/18,1815.9,1818.1,1818.1,1815.9,0.00K
2022/12/19,1813,1818.1,1823.6,1808.6,2.04K
2022/12/20,1840.8,1812.3,1847.6,1810.3,4.61K
2022/12/21,1840.9,1843.1,1848.4,1837.1,2.57K
2022/12/22,1810.8,1838.4,1844.4,1808.4,5.52K
2022/12/23,1819.8,1816.4,1827.6,1814.8,5.23K
2022/12/25,1820.8,1820.8,1820.8,1820.8,
2022/12/26,1825,1823.8,1825,1823.8,0.00K
2022/12/27,1838.8,1823.8,1857,1823.8,4.24K
2022/12/28,1831.5,1838,1838.2,1819.9,5.57K
2022/12/29,1841.9,1828,1842.7,1827,5.11K
2022/12/30,1842.2,1837.3,1848.2,1835.9,5.71K
2023/1/1,1846.3,1846.3,1846.3,1846.3,
2023/1/2,1850.7,1850,1853.6,1847.6,0.07K
2023/1/3,1862.1,1847.2,1872.2,1847.2,13.45K
2023/1/4,1875,1861.4,1887,1858.3,11.66K
2023/1/5,1856.7,1876,1880,1846.1,16.26K
2023/1/6,1885.9,1851.9,1891.1,1851.6,16.60K
2023/1/8,1889.2,1886.4,1890.6,1886.4,0.07K
2023/1/9,1894.2,1886.4,1902.4,1886.4,52.32K
2023/1/10,1893,1891.7,1901.4,1889,46.44K
2023/1/11,1895.5,1897.8,1907.1,1887.5,65.91K
2023/1/12,1915.5,1895.2,1922.8,1891,62.08K
2023/1/13,1938.5,1916,1942.1,1911.9,57.03K
2023/1/15,1937,1939.9,1940.2,1937,0.06K
2023/1/16,1937.3,1936.7,1948.3,1930.8,11.21K
2023/1/17,1926.7,1939.9,1948.3,1923.2,40.45K
2023/1/18,1923.8,1928,1946.4,1915.5,29.26K
2023/1/19,1940.6,1924.5,1953.6,1918.7,49.16K
2023/1/20,1944.9,1949.8,1955.5,1938.8,45.79K
2023/1/22,1944.9,1943.8,1945.9,1942.2,0.34K
2023/1/23,1945.4,1948,1953.3,1929.2,57.33K
2023/1/24,1952.2,1948.9,1960.5,1935,83.91K
2023/1/25,1959.4,1955.2,1966.3,1937.5,86.71K
2023/1/26,1946.7,1965,1966.5,1935.1,129.95K
2023/1/27,1945.6,1945.8,1952.1,1933,144.50K
2023/1/29,1960.5,1962,1962,1958.6,0.05K
2023/1/30,1956,1962,1966.6,1952.9,3.66K
2023/1/31,1962.2,1955.3,1963.6,1932.5,5.96K
2023/2/1,1959.7,1959.7,1987.7,1953.2,4.12K
2023/2/2,1947.6,1985.4,1992.1,1942.5,4.75K
2023/2/3,1893.3,1943.3,1949.1,1891.3,6.37K
2023/2/5,1894.2,1889.7,1898.7,1889.7,0.12K
2023/2/6,1896.1,1890,1910.3,1889.7,3.62K
2023/2/7,1901.5,1897,1913.4,1894.4,4.53K
2023/2/8,1907.7,1901.8,1915.4,1898.5,6.45K
2023/2/9,1895.3,1902.7,1919,1887.4,5.50K
2023/2/10,1891.2,1890.4,1899.9,1880.4,6.50K
2023/2/12,1890.3,1892.9,1892.9,1890,0.12K
2023/2/13,1880.1,1892.5,1893,1877.6,5.60K
2023/2/14,1882.1,1881.2,1898,1869.6,4.11K
2023/2/15,1862,1881.6,1887,1856.4,5.08K
2023/2/16,1868.6,1863.5,1871.4,1853.5,3.75K
2023/2/17,1866.9,1862,1869.6,1844.6,5.98K
2023/2/19,1864.3,1867.1,1868,1864.2,0.02K
2023/2/20,1867.3,1863.1,1873,1863.1,2.16K
2023/2/21,1859.2,1867.1,1873,1855.7,6.78K
2023/2/22,1858.3,1860.6,1871.4,1848.6,5.86K
2023/2/23,1843.6,1851.3,1857.9,1841.6,5.17K
2023/2/24,1833.9,1845.1,1851.7,1832.7,5.43K
2023/2/26,1835.5,1834.4,1836.4,1834,0.04K
2023/2/27,1841.6,1834,1843.6,1829,10.69K
2023/2/28,1853.2,1841,1855,1827.6,11.05K
2023/3/1,1862.1,1850.5,1869,1846.4,11.49K
2023/3/2,1857.3,1860.1,1861.9,1852.7,11.17K
2023/3/3,1871.4,1858.9,1880.8,1858.9,13.79K
2023/3/5,1875,1877.7,1878.2,1875,0.07K
2023/3/6,1871.4,1877.7,1880.9,1867.5,14.99K
2023/3/7,1836.8,1868.6,1873.4,1834.2,43.01K
2023/3/8,1835.6,1834.7,1845.3,1830.2,62.61K
2023/3/9,1851.5,1834.9,1856.1,1832.7,73.56K
2023/3/10,1884,1852.1,1891.1,1847,61.68K
2023/3/12,1899,1894.4,1916,1894.4,1.23K
2023/3/13,1933,1893.8,1935.6,1892.5,106.59K
2023/3/14,1927.4,1935.8,1935.8,1916.4,33.13K
2023/3/15,1948.1,1924.5,1959.1,1906,84.73K
2023/3/16,1939.7,1940.2,1954.6,1928.4,34.77K
2023/3/17,1990.2,1942.7,2010.4,1939.1,67.46K
2023/3/19,1997.5,2006.8,2011.2,1996,1.74K
2023/3/20,1999.7,2008.6,2031.7,1987,69.06K
2023/3/21,1958.3,2000.7,2005.7,1955.9,65.17K
2023/3/22,1966.6,1959.7,1999.4,1953.7,60.53K
2023/3/23,2013.3,1992.5,2023.3,1984.4,74.55K
2023/3/24,2001.7,2013.3,2023.9,1995.7,118.69K
2023/3/26,1996.4,2000.2,2000.2,1990.7,2.09K
2023/3/27,1971.5,2000.3,2001.5,1962.7,107.04K
2023/3/28,1990.4,1975.4,1994.2,1967.6,121.74K
2023/3/29,1984.5,1992.1,1993.2,1976.4,145.72K
2023/3/30,2015.6,1999.7,2020.1,1989.6,3.89K
2023/3/31,2004.1,2015.8,2022.8,2002.3,4.15K
2023/4/2,1992.5,2004.6,2007.8,1992.5,0.06K
2023/4/3,2018.5,2007.5,2026.1,1984.5,4.32K
2023/4/4,2056.2,2019.8,2061,2012.7,4.34K
2023/4/5,2053.6,2056.3,2067.1,2044.5,4.43K
2023/4/6,2044.4,2055,2055.4,2034.6,3.48K
2023/4/9,2038.5,2026,2039.4,2023.6,0.06K
2023/4/10,2021.8,2032.2,2039.4,2015,3.60K
2023/4/11,2037.3,2025,2040.4,2022.2,5.57K
2023/4/12,2043.3,2037.1,2061.5,2034.4,6.30K
2023/4/13,2073.8,2048.2,2080.8,2046.9,5.42K
2023/4/14,2034.4,2073.1,2080,2024.8,6.73K
2023/4/16,2034.9,2032.8,2036.8,2030.4,0.12K
2023/4/17,2025.7,2033,2046.6,2012.5,2.84K
2023/4/18,2038.5,2025.8,2043.2,2023,3.23K
2023/4/19,2025.9,2036.2,2038.6,1999.5,7.31K
2023/4/20,2037.9,2025.8,2042.5,2021.4,3.18K
2023/4/21,2009.2,2034.4,2035.4,2001.4,4.17K
2023/4/23,2014,2012.3,2014,2011,0.01K
2023/4/24,2018.6,2011,2020.1,2003.8,5.73K
2023/4/25,2023.5,2018.1,2033.3,2005.1,8.93K
2023/4/26,2014.9,2026,2039.1,2012.9,12.36K
2023/4/27,2017.9,2018.1,2031.9,2001,10.37K
2023/4/28,2018.3,2016.4,2022.9,2003.6,15.05K
2023/4/30,2014.6,2019.1,2019.6,2014.6,0.17K
2023/5/1,2011.4,2019.1,2034.1,2004.8,8.10K
2023/5/2,2042.5,2009.3,2047.8,2006,13.37K
2023/5/3,2056.2,2045,2069,2035.4,15.25K
2023/5/4,2075,2071,2102.2,2058,22.83K
2023/5/5,2044.2,2075.4,2080.3,2026.2,45.84K
2023/5/7,2043.8,2044.1,2044.7,2041.5,0.07K
2023/5/8,2052.8,2044.2,2056.5,2041.5,60.81K
2023/5/9,2062.4,2048.4,2064.4,2046.1,63.10K
2023/5/10,2056.5,2061.5,2075.3,2047.9,55.46K
2023/5/11,2039.9,2056.2,2066.8,2036.1,68.29K
2023/5/12,2039.1,2039.9,2046.8,2025,21.57K
2023/5/14,2033.5,2032.9,2035.5,2030.6,0.10K
2023/5/15,2042.1,2033,2046.5,2030.6,41.70K
2023/5/16,2012.2,2040.8,2042,2008.5,27.28K
2023/5/17,2003.7,2012.1,2015.9,1997.1,37.48K
2023/5/18,1978.3,2004.2,2007,1973,31.21K
2023/5/19,2000.3,1979.3,2005.8,1974.9,29.51K
2023/5/21,2001.6,1998.3,2002.2,1998.1,0.52K
2023/5/22,1995.7,1998.4,2003.5,1989.3,48.37K
2023/5/23,1992.8,1992.4,1998.2,1974.2,65.64K
2023/5/24,1983.1,1995.6,2006.2,1976.8,77.05K
2023/5/25,1962.3,1978,1983.9,1957.6,112.69K
2023/5/26,1963.1,1961.8,1975.7,1954.7,130.07K
2023/5/28,1981,1980.8,1982.6,1979.5,0.01K
2023/5/29,1979.5,1980.4,1987.3,1977.7,0.64K
2023/5/30,1996.7,1980.8,2000.8,1970,2.17K
2023/5/31,2001.7,1996.4,2011.9,1991.4,1.28K
2023/6/1,2015.1,2000.3,2019.5,1990,1.68K
2023/6/2,1989.1,2013.6,2020,1983.6,2.17K
2023/6/4,1983.1,1983.8,1985.3,1982.4,0.03K
2023/6/5,1993.9,1982.4,1999.5,1973.9,0.96K
2023/6/6,2001,1997.3,2002.2,1989.9,0.86K
2023/6/7,1977.9,1999.5,2005.3,1975,2.06K
2023/6/8,1998.1,1977.2,2005,1976.5,1.69K
2023/6/9,1996.8,2000.2,2006.4,1990.6,1.06K
2023/6/11,1994,1993.8,1994.3,1992.3,0.02K
2023/6/12,1989.3,1993.8,2000.4,1982.9,1.38K
2023/6/13,1978.1,1991.7,2005.1,1972.8,2.33K
2023/6/14,1988.3,1975.7,1993,1972.3,1.59K
2023/6/15,1990.2,1975.7,1992,1956,1.82K
2023/6/16,1990.7,1989.2,1999.5,1985,0.96K
2023/6/18,1988.7,1989.4,1990,1988.7,0.01K
2023/6/19,1982.1,1989.7,1990,1979.5,0.22K
2023/6/20,1967.2,1989.4,1990.8,1960.4,2.02K
2023/6/21,1964.4,1967.5,1969.6,1949.6,3.72K
2023/6/22,1943,1963.1,1963.4,1942.3,1.66K
2023/6/23,1948.9,1942.8,1967.1,1939.1,1.76K
2023/6/25,1953.6,1952.8,1953.6,1952.6,0.14K
2023/6/26,1953.1,1952.8,1962,1950.6,0.72K
2023/6/27,1943,1951.8,1959,1939.6,1.84K
2023/6/28,1941.3,1943.1,1945.1,1930.8,1.53K
2023/6/29,1936.8,1935.5,1940,1919.6,2.43K
2023/6/30,1948.5,1935.6,1949.7,1927.8,2.60K
2023/7/2,1945,1945.3,1946.2,1945,0.02K
2023/7/3,1948.6,1945.4,1958.8,1937,1.86K
2023/7/4,1952.6,1948,1956.9,1947.9,0.20K
2023/7/5,1946.2,1948,1961.5,1942,1.97K
2023/7/6,1934.6,1943,1953,1927.6,3.17K
2023/7/7,1951.6,1936.7,1960,1934.7,2.35K
2023/7/9,1949.7,1949.4,1951.5,1949.4,0.01K
2023/7/10,1950.1,1949.4,1951.5,1937.2,2.79K
2023/7/11,1956.2,1949.8,1963.5,1949.8,2.97K
2023/7/12,1980.8,1957.3,1984,1957.3,3.81K
2023/7/13,1982.9,1981.1,1987.2,1976.2,1.91K
2023/7/14,1983.4,1984.4,1986.7,1974.5,3.78K
2023/7/16,1975.1,1977.2,1977.3,1975,0.05K
2023/7/17,1975.5,1977.2,1982.5,1968.5,2.11K
2023/7/18,1999.8,1977.7,2006.8,1977.7,6.09K
2023/7/19,1999.9,2001.5,2003.4,1992.6,3.73K
2023/7/20,1990.2,1998.7,2008.5,1987.1,3.48K
2023/7/21,1985.8,1991.9,1995,1978.5,3.03K
2023/7/22,1982.7,1982.7,1982.7,1982.7,
2023/7/23,1982.3,1983.2,1983.6,1981.5,0.03K
2023/7/24,1981.6,1983.2,1988.7,1974.7,6.44K
2023/7/25,1983.1,1976.1,1986.2,1971.1,8.63K
2023/7/26,1989.7,1985.9,1999.3,1982.8,11.94K
2023/7/27,1965.3,1991.8,2002,1961.4,16.91K
2023/7/28,1999.9,1985.3,2002,1983.9,159.60K
2023/7/30,1996.4,1997.7,1998.8,1995.9,3.06K
2023/7/31,2009.2,1997.9,2010.9,1986.7,139.96K
2023/8/1,1978.8,2004.2,2004.4,1978.3,167.76K
2023/8/2,1975,1988.9,1992.2,1969.1,169.66K
2023/8/3,1968.8,1970.8,1974.5,1964.5,141.35K
2023/8/4,1976.1,1969.6,1984.2,1954.5,156.42K
2023/8/5,1978.2,1978.2,1978.2,1978.2,
2023/8/6,1978.5,1978.2,1981.6,1977.3,4.25K
2023/8/7,1970,1977.6,1981.7,1966.1,104.41K
2023/8/8,1959.9,1971.5,1972.8,1956.5,142.34K
2023/8/9,1950.6,1959.3,1966.1,1947.2,139.26K
2023/8/10,1948.9,1947.7,1963.5,1944.4,168.26K
2023/8/11,1946.6,1944.9,1953.6,1942.7,122.32K
2023/8/12,1945.7,1945.7,1945.7,1945.7,
2023/8/13,1945.6,1945.7,1947,1944.4,2.94K
2023/8/14,1944,1945.6,1948.2,1934.2,120.98K
2023/8/15,1935.2,1939.4,1944.3,1927.5,167.15K
2023/8/16,1928.3,1933.1,1938.2,1922,128.61K
2023/8/17,1915.2,1922.4,1933.5,1914.2,152.33K
2023/8/18,1916.5,1919.2,1926,1915.9,114.74K
2023/8/19,1918.4,1918.4,1918.4,1918.4,
2023/8/20,1919.1,1918.4,1919.7,1917.9,2.34K
2023/8/21,1923,1918.4,1927.9,1913.6,138.11K
2023/8/22,1926,1924,1933.2,1917.5,131.09K
2023/8/23,1948.1,1926.8,1949.7,1926.2,170.04K
2023/8/24,1947.1,1944.9,1951.3,1939.2,137.39K
2023/8/25,1939.9,1944.9,1950.4,1931,166.99K
2023/8/26,1943.3,1943.3,1943.3,1943.3,
2023/8/27,1942.4,1943.3,1943.8,1941.8,2.30K
2023/8/28,1946.8,1944,1954.2,1940.1,115.55K
2023/8/29,1965.1,1948.1,1966.5,1941.7,174.22K
2023/8/30,1973,1966,1977.1,1962.8,142.38K
2023/8/31,1965.9,1970.2,1974.9,1965.5,133.71K
2023/9/1,1967.1,1966.4,1980.2,1960.7,160.73K
2023/9/2,1966.2,1966.2,1966.2,1966.2,
2023/9/3,1966.7,1966.2,1967,1965.5,1.56K
2023/9/4,1963.2,1966.6,1972.6,1962.6,56.87K
2023/9/5,1952.6,1966.7,1972.6,1950.6,192.79K
2023/9/6,1944.2,1951.5,1954.5,1940,148.78K
2023/9/7,1942.5,1942.2,1947.9,1940.3,117.17K
2023/9/8,1942.7,1943.8,1954,1940.8,138.69K
2023/9/9,1942.6,1942.6,1942.6,1942.6,
2023/9/10,1942.2,1942.6,1944,1941.3,4.17K
2023/9/11,1947.2,1943.3,1954.6,1939.5,131.08K
2023/9/12,1935.1,1945.6,1947.5,1929.9,161.99K
2023/9/13,1932.5,1935.2,1938.4,1927.2,161.00K
2023/9/14,1932.8,1930.7,1934.5,1921.7,201.74K
2023/9/15,1946.2,1932.5,1952.4,1931.2,199.77K
2023/9/16,1945.6,1945.6,1945.6,1945.6,
2023/9/17,1944.8,1945.6,1946.1,1944.2,2.51K
2023/9/18,1953.4,1945.7,1955.7,1943.8,138.03K
2023/9/19,1953.7,1955.3,1958.9,1950.9,131.10K
2023/9/20,1967.1,1953,1968.9,1948.6,220.98K
2023/9/21,1939.6,1952,1952.2,1933.1,225.91K
2023/9/22,1945.6,1939.6,1949.1,1939.6,139.93K
2023/9/23,1944.9,1944.9,1944.9,1944.9,
2023/9/24,1944.3,1944.9,1946.1,1944,2.79K
2023/9/25,1936.6,1944.7,1946.8,1933.8,164.26K
2023/9/26,1919.8,1935.1,1935.5,1917.2,212.26K
2023/9/27,1890.9,1918.8,1921.7,1890.3,238.53K
2023/9/28,1898,1913.6,1915.8,1894,5.36K
2023/9/29,1885.4,1902.3,1915.9,1881.5,5.68K
2023/9/30,1884,1884,1884,1884,
2023/10/1,1883.2,1884,1884,1880.8,0.04K
2023/10/2,1866.4,1883.3,1883.7,1862,5.00K
2023/10/3,1860.7,1863.9,1868.2,1850.2,6.53K
2023/10/4,1853.8,1858.6,1865.7,1850.7,6.32K
2023/10/5,1850.8,1855.3,1861.7,1845.3,5.67K
2023/10/6,1864.4,1853.3,1867.8,1842.5,10.60K
2023/10/7,1865.1,1865.1,1865.1,1865.1,
2023/10/8,1881.9,1865.1,1888.5,1865.1,0.30K
2023/10/9,1883.5,1880,1896.3,1876.8,8.08K
2023/10/10,1894.6,1893.9,1898,1885.4,7.70K
2023/10/11,1906.8,1892.8,1910.2,1891.3,9.77K
2023/10/12,1902.5,1907.7,1916.6,1900.3,5.59K
2023/10/13,1961.1,1901.5,1965.6,1901.5,16.99K
2023/10/14,1965.1,1965.1,1965.1,1965.1,
2023/10/15,1956.9,1965.1,1965.1,1953.9,0.13K
2023/10/16,1953.9,1961,1962.1,1941,5.61K
2023/10/17,1955.4,1952.3,1963.9,1944.5,5.99K
2023/10/18,1988.1,1956.1,1995.4,1956.1,9.37K
2023/10/19,2000.2,1980,2010,1977.1,8.17K
2023/10/20,2014.5,2007.8,2029.2,2003.8,14.06K
2023/10/21,2013.7,2013.7,2013.7,2013.7,
2023/10/22,2002.7,2013.7,2013.7,1993.1,0.08K
2023/10/23,2007.8,2007.8,2014,1992.8,9.13K
2023/10/24,2006.1,2004.3,2011.6,1984.8,8.52K
2023/10/25,2015,2002.2,2018.5,1993.6,11.46K
2023/10/26,2017.6,2011.2,2023.3,2001.9,11.77K
2023/10/27,2018.7,2014.8,2039.7,2006.7,11.82K
2023/10/28,2036.1,2036.1,2036.1,2036.1,
2023/10/29,2032.4,2036.1,2036.4,2027.4,0.44K
2023/10/30,2026,2034,2036.9,2020.1,7.63K
2023/10/31,2014.6,2026.3,2037.7,2008,9.46K
2023/11/1,2007.8,2013.4,2026,1998.8,14.00K
2023/11/2,2013.9,2011.3,2019.1,2007,12.16K
2023/11/3,2019.6,2013.9,2032.2,2009.8,11.67K
2023/11/4,2020.2,2020.2,2020.2,2020.2,
2023/11/5,2016.1,2020.2,2020.2,2014.8,0.04K
2023/11/6,2009,2019.6,2020,2004.8,13.86K
2023/11/7,1993.8,2005,2005.1,1983.3,61.96K
2023/11/8,1978.1,1995.1,1997.6,1973.6,53.12K
2023/11/9,1989.9,1976.7,1991.6,1968.5,44.13K
2023/11/10,1957.7,1984.3,1985.7,1956.9,66.10K
2023/11/11,1962.5,1962.5,1962.5,1962.5,
2023/11/12,1964,1962.5,1965,1961.6,0.16K
2023/11/13,1970.2,1963.2,1973.5,1955.4,54.17K
2023/11/14,1986.4,1970.4,1995.2,1959,19.88K
2023/11/15,1984.3,1987,1999.1,1979,17.17K
2023/11/16,2007.5,1983.8,2011.1,1979.3,36.93K
2023/11/17,2004.8,2007.5,2016.5,2001.4,19.85K
2023/11/18,2003.4,2003.4,2003.4,2003.4,
2023/11/19,1997.1,2003.4,2003.4,1996.9,0.20K
2023/11/20,2000.4,2001.2,2007.6,1987.3,35.71K
2023/11/21,2021.8,2000.1,2030,1999.9,62.25K
2023/11/22,2013.2,2020.6,2028.4,2008.9,71.42K
2023/11/23,2014.9,2011.6,2019.7,2011.3,25.56K
2023/11/24,2023.5,2012.1,2025,2011.3,96.93K
2023/11/26,2023.6,2022.6,2024,2022,1.09K
2023/11/27,2033,2023,2039.4,2022,161.67K
2023/11/28,2060.2,2035.1,2064.2,2031.6,195.42K
2023/11/29,2086.6,2082,2091.2,2075.8,6.22K
2023/11/30,2076.7,2084.9,2086.7,2070.7,2.66K
2023/12/1,2109.2,2076.5,2115,2072,10.49K
2023/12/2,2111.4,2111.4,2111.4,2111.4,
2023/12/3,2155.4,2111.4,2170.6,2111.4,2.50K
2023/12/4,2061.6,2114.1,2171.5,2058.3,19.47K
2023/12/5,2055.7,2068.1,2078.8,2047,10.39K
2023/12/6,2067.3,2056.7,2072.3,2055,6.38K
2023/12/7,2065.8,2062.8,2076.3,2056,8.52K
2023/12/8,2033.9,2065,2069.7,2029.9,10.06K
2023/12/9,2040,2040,2040,2040,
2023/12/10,2042.3,2040,2042.4,2038.8,0.04K
2023/12/11,2013,2038.8,2043,2010.7,10.54K
2023/12/12,2012.5,2016.8,2031.2,2012.3,5.79K
2023/12/13,2016.7,2014.5,2062.5,2007.6,10.03K
2023/12/14,2064.2,2063,2082,2058.9,9.22K
2023/12/15,2055.2,2070.4,2078.9,2048.8,6.17K
2023/12/16,2053.1,2053.1,2053.1,2053.1,
2023/12/17,2051.3,2053.1,2053.4,2049,0.02K
2023/12/18,2060.1,2052.9,2067.3,2048.9,7.03K
2023/12/19,2071.8,2060.7,2080.5,2054.5,9.60K
2023/12/20,2067.3,2073.4,2075.8,2060.3,3.74K
2023/12/21,2071,2064.1,2077.6,2063.1,3.26K
2023/12/22,2088.8,2080,2102.3,2077.9,6.24K
2023/12/23,2084.2,2084.2,2084.2,2084.2,
2023/12/24,2084.2,2084.2,2084.2,2084.2,
2023/12/25,2085.6,2085.4,2087.1,2085.4,0.02K
2023/12/26,2089.6,2085.4,2100,2084.9,3.86K
2023/12/27,2112.9,2098.6,2115.2,2092.8,6.47K
2023/12/28,2103.5,2109.1,2118,2094.6,8.11K
2023/12/29,2091.8,2096,2103.3,2087.5,8.30K
2023/12/30,2092.1,2092.1,2092.1,2092.1,
2023/12/31,2092.1,2092.1,2092.1,2092.1,
