date,score,Sentiment score,Relatedness
2020/1/1 15:47,1,70,60
2020/1/1 17:08,1,70,85
2020/1/1 17:09,1,-55,70
2020/1/1 18:04,1,0,10
2020/1/1 21:07,1,20,70
2020/1/1 22:48,1,80,90
2020/1/2 22:23,1,70,90
2020/1/2 23:03,1,-20,70
2020/1/2 23:23,1,-15,60
2020/1/3 20:55,1,10,70
2020/1/4 23:11,1,-20,60
2020/1/4 23:13,1,60,20
2020/1/4 23:18,1,20,75
2020/1/4 23:21,1,0,30
2020/1/4 23:32,1,25,70
2020/1/4 23:45,1,-10,60
2020/1/4 23:58,1,10,50
2020/1/5 0:06,1,70,90
2020/1/5 0:07,1,30,70
2020/1/5 0:09,1,50,70
2020/1/6 22:35,1,15,70
2020/1/6 23:03,1,-10,70
2020/1/7 1:03,1,0,20
2020/1/7 1:29,1,30,70
2020/1/7 20:48,1,70,80
2020/1/7 21:09,1,75,80
2020/1/7 21:34,1,30,70
2020/1/7 21:39,1,60,80
2020/1/7 22:04,1,50,80
2020/1/7 22:48,1,12,85
2020/1/7 22:55,1,-15,75
2020/1/8 23:34,1,70,90
2020/1/8 23:41,1,20,60
2020/1/9 19:20,1,60,70
2020/1/9 20:22,1,60,80
2020/1/9 22:16,1,50,80
2020/1/9 22:22,1,60,80
2020/1/9 22:41,1,20,75
2020/1/9 23:06,1,80,60
2020/1/9 23:10,1,60,80
2020/1/9 23:11,1,40,60
2020/1/9 23:25,1,60,80
2020/1/9 23:26,1,20,30
2020/1/10 4:58,1,25,60
2020/1/10 6:25,1,60,80
2020/1/10 16:54,1,-50,75
2020/1/18 1:12,1,-20,70
2020/1/18 1:22,1,40,80
2020/1/18 1:26,1,5,70
2020/1/18 1:27,1,70,85
2020/1/18 1:37,1,-45,60
2020/1/18 1:41,1,30,70
2020/1/18 1:44,1,-70,85
2020/1/18 3:16,1,-70,80
2020/1/18 16:55,1,50,70
2020/1/18 18:48,1,-5,70
2020/1/19 12:51,1,5,70
2020/1/19 13:54,1,50,80
2020/1/19 14:02,1,0,80
2020/1/19 14:17,1,-10,60
2020/1/19 14:27,1,-75,90
2020/1/19 14:32,1,60,80
2020/1/19 14:34,1,-20,70
2020/1/19 14:41,1,10,80
2020/1/19 14:53,1,60,80
2020/1/19 15:23,1,10,45
2020/1/19 15:33,1,20,70
2020/1/20 18:26,1,75,50
2020/1/20 18:37,1,20,75
2020/1/21 23:41,1,80,70
2020/1/23 13:39,1,90,20
2020/1/23 19:26,1,65,80
2020/1/23 23:56,1,75,90
2020/1/24 6:13,1,40,70
2020/1/24 6:34,1,60,70
2020/2/1 16:04,1,0,50
2020/2/1 21:37,1,50,70
2020/2/1 21:42,1,25,80
2020/2/2 5:24,1,0,10
2020/2/5 6:06,1,25,70
2020/2/5 15:03,1,30,60
2020/2/5 21:13,1,60,80
2020/2/5 21:56,1,65,80
2020/2/6 6:24,1,70,85
2020/2/17 11:18,1,80,90
2020/2/26 0:41,1,80,75
2020/2/28 17:18,1,75,60
2020/2/28 17:55,1,-20,70
2020/2/28 17:58,1,60,70
2020/2/28 18:05,1,40,80
2020/2/28 18:20,1,-50,60
2020/2/28 18:57,1,0,50
2020/2/28 19:04,1,-30,70
2020/2/28 19:04,1,20,60
2020/2/28 19:18,1,40,60
2020/2/28 20:36,1,80,90
2020/2/28 20:59,1,20,70
2020/2/28 21:24,1,25,60
2020/2/29 13:17,1,65,80
2020/3/1 0:46,1,-10,50
2020/3/1 1:40,1,-30,70
2020/3/1 1:53,1,0,60
2020/3/1 1:58,1,20,80
2020/3/1 1:59,1,80,90
2020/3/1 7:22,1,10,80
2020/3/2 17:29,1,10,70
2020/3/2 19:57,1,-10,70
2020/3/2 21:51,1,10,80
2020/3/4 7:19,1,20,80
2020/3/4 8:50,1,70,80
2020/3/4 12:35,1,75,90
2020/3/4 13:31,1,-80,10
2020/3/4 13:54,1,20,80
2020/3/4 14:13,1,10,60
2020/3/4 14:37,1,40,80
2020/3/4 15:35,1,15,70
2020/3/4 16:01,1,60,80
2020/3/4 16:15,1,60,80
2020/3/5 20:22,1,80,90
2020/3/5 23:34,1,-60,30
2020/3/6 11:06,1,35,65
2020/3/8 18:53,1,80,90
2020/3/9 1:18,1,75,90
2020/3/9 1:48,1,80,90
2020/3/10 18:49,1,60,75
2020/3/10 21:09,1,25,70
2020/3/10 21:13,1,50,75
2020/3/10 21:15,1,-20,80
2020/3/10 22:20,1,60,80
2020/3/10 22:21,1,60,80
2020/3/10 22:33,1,60,80
2020/3/10 22:54,1,60,80
2020/3/10 23:02,1,10,60
2020/3/10 23:17,1,70,60
2020/3/10 23:41,1,10,60
2020/3/13 3:24,1,-70,80
2020/3/13 3:27,1,-10,50
2020/3/13 3:29,1,50,70
2020/3/13 3:31,1,-80,65
2020/3/13 3:42,1,-40,70
2020/3/13 3:45,1,10,20
2020/3/13 4:09,1,20,50
2020/3/13 4:16,1,-40,60
2020/3/14 15:38,1,-10,30
2020/3/14 15:44,1,-75,10
2020/3/14 16:28,1,-50,20
2020/3/16 21:15,1,20,40
2020/3/16 21:15,1,70,90
2020/3/16 21:19,1,-30,80
2020/3/16 21:25,1,70,85
2020/3/16 21:40,1,-60,80
2020/3/16 21:54,1,-20,60
2020/3/16 21:54,1,-70,90
2020/3/16 22:07,1,-60,40
2020/3/16 22:10,1,-20,60
2020/3/16 22:25,1,-60,40
2020/3/18 20:12,1,80,90
2020/3/18 20:17,1,60,70
2020/3/18 20:48,1,-70,20
2020/3/18 23:26,1,30,50
2020/3/18 23:34,1,50,80
2020/3/18 23:40,1,10,70
2020/3/19 0:50,1,50,60
2020/3/19 2:11,1,50,70
2020/3/19 2:48,1,60,80
2020/3/19 3:07,1,-30,50
2020/3/19 4:37,1,-50,70
2020/3/19 16:38,1,-60,30
2020/3/19 17:00,1,60,80
2020/3/20 4:09,1,90,80
2020/3/23 17:35,1,-75,90
2020/3/23 20:08,1,50,90
2020/3/23 21:11,1,10,80
2020/3/24 1:07,1,25,70
2020/3/24 1:13,1,-70,85
2020/3/24 1:39,1,20,70
2020/3/24 6:23,1,60,80
2020/3/24 15:40,1,-10,70
2020/3/24 15:45,1,30,70
2020/3/24 15:56,1,0,80
2020/3/24 15:58,1,50,60
2020/3/24 16:10,1,25,60
2020/3/24 16:17,1,60,30
2020/3/24 16:23,1,-20,70
2020/3/24 16:23,1,0,20
2020/3/24 16:25,1,10,50
2020/3/24 16:25,1,75,60
2020/3/24 16:27,1,30,60
2020/3/24 17:06,1,60,70
2020/3/24 17:20,1,10,90
2020/3/24 17:20,1,20,80
2020/3/24 17:45,1,60,80
2020/3/24 18:22,1,30,60
2020/3/24 18:34,1,-10,30
2020/3/24 18:40,1,30,60
2020/3/24 18:47,1,50,85
2020/3/24 19:00,1,-50,40
2020/3/24 19:07,1,40,70
2020/3/24 19:21,1,60,70
2020/3/24 19:23,1,-60,80
2020/3/24 19:36,1,40,60
2020/3/24 19:51,1,-60,75
2020/3/24 19:51,1,-60,80
2020/3/24 20:39,1,65,90
2020/3/24 23:02,1,-40,60
2020/3/24 23:53,1,60,80
2020/3/25 2:11,1,60,80
2020/3/25 2:15,1,-30,55
2020/3/26 17:22,1,70,90
2020/3/26 17:29,1,50,80
2020/3/26 17:54,1,60,75
2020/3/26 17:54,1,75,90
2020/3/26 18:08,1,40,70
2020/3/26 21:36,1,65,80
2020/3/26 21:41,1,60,80
2020/3/27 0:01,1,50,70
2020/3/31 17:19,1,75,90
2020/3/31 17:19,1,75,65
2020/3/31 17:42,1,70,85
2020/4/1 0:37,1,60,80
2020/4/1 1:36,1,-70,85
2020/4/1 5:05,1,-20,50
2020/4/1 5:08,1,-60,85
2020/4/1 14:14,1,20,70
2020/4/1 15:15,1,20,70
2020/4/1 20:32,1,-50,70
2020/4/1 20:48,1,15,60
2020/4/1 21:13,1,20,80
2020/4/1 21:22,1,20,60
2020/4/1 21:41,1,-10,70
2020/4/1 21:50,1,17,62
2020/4/2 1:56,1,45,60
2020/4/3 14:28,1,35,20
2020/4/3 15:42,1,30,60
2020/4/3 17:24,1,-20,10
2020/4/3 18:41,1,-40,70
2020/4/3 19:02,1,65,80
2020/4/3 19:04,1,-20,40
2020/4/3 19:31,1,60,80
2020/4/3 19:34,1,-20,70
2020/4/3 19:37,1,60,70
2020/4/4 1:47,1,60,70
2020/4/4 4:15,1,20,70
2020/4/4 5:49,1,0,20
2020/4/4 13:14,1,-10,70
2020/4/4 16:45,1,0,50
2020/4/4 17:48,1,10,20
2020/4/4 20:22,1,60,80
2020/4/5 0:29,1,50,80
2020/4/6 3:06,1,50,80
2020/4/6 3:16,1,40,60
2020/4/6 3:32,1,75,80
2020/4/6 3:33,1,20,60
2020/4/12 17:24,1,25,80
2020/4/12 17:38,1,-20,75
2020/4/12 17:58,1,65,80
2020/4/12 18:00,1,10,70
2020/4/12 18:11,1,5,70
2020/4/12 18:11,1,60,80
2020/4/12 18:22,1,65,80
2020/4/12 18:27,1,60,70
2020/4/12 18:42,1,55,70
2020/4/12 18:44,1,20,70
2020/4/12 19:20,1,35,60
2020/4/12 19:39,1,30,60
2020/4/12 19:43,1,10,60
2020/4/12 19:50,1,-50,75
2020/4/12 19:57,1,-5,70
2020/4/12 20:02,1,-70,40
2020/4/12 20:27,1,60,70
2020/4/12 20:41,1,-60,75
2020/4/12 21:45,1,50,80
2020/4/12 23:19,1,70,90
2020/4/13 6:42,1,20,75
2020/4/13 7:03,1,75,90
2020/4/13 7:35,1,-30,80
2020/4/13 8:47,1,40,70
2020/4/13 13:24,1,10,70
2020/4/13 16:06,1,-25,80
2020/4/13 16:36,1,70,85
2020/4/13 16:44,1,10,80
2020/4/13 16:44,1,-10,60
2020/4/13 16:46,1,-50,70
2020/4/13 16:58,1,-10,80
2020/4/13 17:13,1,70,80
2020/4/13 17:18,1,30,60
2020/4/13 17:20,1,-50,30
2020/4/14 22:31,1,60,80
2020/4/14 23:06,1,-75,80
2020/4/15 0:55,1,20,60
2020/4/15 2:45,1,8,65
2020/4/15 15:15,1,70,80
2020/4/15 15:52,1,-30,60
2020/4/15 15:59,1,20,75
2020/4/15 17:16,1,70,85
2020/4/15 17:23,1,40,70
2020/4/15 19:49,1,75,60
2020/4/15 20:58,1,60,80
2020/4/15 21:00,1,70,20
2020/4/15 21:00,1,30,50
2020/4/15 21:14,1,60,80
2020/4/15 21:41,1,90,80
2020/4/15 21:52,1,60,75
2020/4/15 21:53,1,30,70
2020/4/15 22:15,1,-60,30
2020/4/15 22:22,1,-10,60
2020/4/15 22:22,1,60,80
2020/4/15 22:26,1,50,80
2020/4/20 5:12,1,65,75
2020/4/20 6:40,1,60,80
2020/4/20 6:52,1,30,40
2020/4/20 14:08,1,10,60
2020/4/20 14:35,1,-30,70
2020/4/20 15:25,1,70,90
2020/4/20 15:56,1,50,80
2020/4/20 16:10,1,70,85
2020/4/20 16:46,1,10,70
2020/4/20 17:05,1,30,70
2020/4/20 17:11,1,-30,70
2020/4/21 23:56,1,-80,90
2020/4/22 0:58,1,70,80
2020/4/22 1:05,1,0,60
2020/4/22 1:10,1,40,60
2020/4/22 1:18,1,-30,60
2020/4/22 1:23,1,20,65
2020/4/22 1:26,1,20,75
2020/4/22 2:23,1,40,70
2020/4/22 2:33,1,25,75
2020/4/22 2:46,1,10,70
2020/4/22 3:04,1,60,80
2020/4/26 1:40,1,10,30
2020/4/26 3:04,1,60,80
2020/4/26 3:59,1,-20,70
2020/4/26 4:22,1,-20,30
2020/4/26 5:13,1,80,90
2020/4/26 14:16,1,10,60
2020/4/26 15:32,1,50,75
2020/4/26 15:51,1,10,40
2020/4/26 16:07,1,-40,60
2020/4/29 1:25,1,50,75
2020/4/29 1:32,1,20,10
2020/4/29 1:40,1,0,50
2020/4/29 15:08,1,-10,70
2020/5/3 20:44,1,2,20
2020/5/3 21:52,1,10,5
2020/5/3 22:19,1,50,70
2020/5/3 22:46,1,50,70
2020/5/3 23:20,1,-40,30
2020/5/3 23:26,1,20,10
2020/5/4 1:40,1,65,40
2020/5/4 1:50,1,50,30
2020/5/4 3:18,1,20,45
2020/5/4 4:36,1,60,20
2020/5/14 5:08,1,60,80
2020/5/14 6:00,1,25,80
2020/5/14 14:08,1,50,80
2020/5/14 15:49,1,35,75
2020/5/14 16:33,1,-60,80
2020/5/14 16:38,1,-60,80
2020/5/14 16:56,1,-75,80
2020/5/14 17:53,1,75,50
2020/5/14 22:12,1,20,80
2020/5/14 22:33,1,-40,70
2020/5/14 23:23,1,-60,70
2020/5/14 23:41,1,25,70
2020/5/14 23:51,1,50,75
2020/5/15 0:32,1,10,60
2020/5/15 0:32,1,-40,75
2020/5/15 0:40,1,0,50
2020/5/15 13:06,1,-65,80
2020/5/15 18:10,1,20,50
2020/5/15 18:20,1,-10,80
2020/5/15 18:25,1,20,70
2020/5/15 18:54,1,40,80
2020/5/15 19:01,1,60,80
2020/5/15 19:12,1,45,70
2020/5/19 19:33,1,-10,70
2020/5/19 20:14,1,-15,70
2020/5/19 20:21,1,30,70
2020/5/19 20:36,1,-25,80
2020/5/20 4:01,1,10,75
2020/5/20 22:30,1,0,30
2020/5/21 14:57,1,70,80
2020/5/21 15:19,1,20,80
2020/5/21 15:23,1,50,70
2020/5/21 15:33,1,10,70
2020/5/21 15:43,1,50,60
2020/5/21 16:07,1,15,70
2020/5/21 18:00,1,70,90
2020/5/21 20:15,1,60,70
2020/5/23 3:12,1,70,80
2020/5/23 3:27,1,-10,80
2020/5/23 3:48,1,80,60
2020/5/23 4:30,1,-30,65
2020/5/23 14:27,1,70,85
2020/5/24 1:06,1,20,80
2020/5/25 21:42,1,75,90
2020/5/25 21:45,1,-30,60
2020/5/25 21:53,1,-20,40
2020/5/25 23:33,1,30,80
2020/5/25 23:41,1,-10,70
2020/5/26 0:38,1,60,50
2020/5/26 0:49,1,-50,80
2020/5/26 1:01,1,50,70
2020/5/26 1:05,1,-70,60
2020/5/26 1:38,1,-75,90
2020/5/26 10:51,1,60,70
2020/5/26 12:35,1,60,80
2020/5/26 17:37,1,60,80
2020/5/26 17:48,1,60,70
2020/5/26 17:55,1,80,75
2020/5/26 20:30,1,20,60
2020/5/26 20:40,1,70,50
2020/5/26 22:17,1,60,80
2020/5/26 23:37,1,70,80
2020/5/27 3:58,1,70,80
2020/5/27 4:15,1,-40,60
2020/5/27 13:35,1,-50,70
2020/5/27 22:18,1,60,80
2020/5/27 22:28,1,80,85
2020/5/27 22:41,1,60,80
2020/5/27 22:45,1,5,70
2020/5/27 23:05,1,50,70
2020/5/27 23:16,1,20,75
2020/5/27 23:17,1,-30,60
2020/5/27 23:22,1,-75,60
2020/5/27 23:30,1,-60,40
2020/5/27 23:31,1,5,60
2020/5/27 23:33,1,20,40
2020/5/27 23:36,1,75,85
2020/5/27 23:36,1,-70,60
2020/5/27 23:47,1,-75,60
2020/5/27 23:53,1,-30,70
2020/5/27 23:54,1,-70,60
2020/5/27 23:58,1,20,70
2020/5/28 0:03,1,-70,60
2020/5/28 1:44,1,-60,20
2020/5/28 3:02,1,-60,50
2020/5/29 0:06,1,-70,80
2020/5/29 0:21,1,-40,60
2020/5/29 0:29,1,10,60
2020/5/29 2:33,1,-15,35
2020/5/29 2:38,1,-40,75
2020/5/29 22:25,1,20,80
2020/5/29 22:43,1,20,50
2020/5/29 22:45,1,-40,60
2020/5/29 22:57,1,-30,75
2020/5/29 23:08,1,-40,70
2020/5/29 23:35,1,-20,10
2020/5/29 23:47,1,-20,40
2020/5/29 23:52,1,-50,60
2020/5/30 0:20,1,10,20
2020/5/30 0:31,1,-70,80
2020/6/2 23:37,1,60,80
2020/6/3 20:39,1,25,70
2020/6/3 20:44,1,10,70
2020/6/3 20:48,1,20,60
2020/6/3 22:24,1,10,70
2020/6/3 23:07,1,-30,60
2020/6/3 23:29,1,-45,75
2020/6/4 0:41,1,-10,60
2020/6/4 1:07,1,70,80
2020/6/4 2:32,1,70,80
2020/6/4 3:33,1,30,60
2020/6/4 3:46,1,-50,75
2020/6/4 4:18,1,80,70
2020/6/4 4:23,1,-40,60
2020/6/4 4:30,1,10,20
2020/6/4 8:55,1,45,70
2020/6/4 13:54,1,30,20
2020/6/4 14:24,1,60,70
2020/6/4 18:28,1,60,20
2020/6/4 21:43,1,50,80
2020/6/4 21:47,1,65,80
2020/6/4 22:05,1,20,80
2020/6/4 22:06,1,70,80
2020/6/4 23:12,1,60,70
2020/6/4 23:54,1,70,85
2020/6/5 0:01,1,5,20
2020/6/5 0:12,1,-25,80
2020/6/5 1:58,1,-20,70
2020/6/5 3:33,1,70,85
2020/6/5 4:06,1,10,60
2020/6/6 7:18,1,10,70
2020/6/6 16:54,1,50,80
2020/6/8 16:10,1,30,80
2020/6/8 18:25,1,30,60
2020/6/8 20:28,1,60,80
2020/6/8 20:45,1,60,90
2020/6/8 21:23,1,55,80
2020/6/10 4:33,1,60,70
2020/6/10 6:07,1,75,90
2020/6/10 14:36,1,70,60
2020/6/10 15:03,1,-70,40
2020/6/10 15:06,1,70,40
2020/6/10 15:58,1,80,90
2020/6/10 16:03,1,-60,70
2020/6/10 16:23,1,70,85
2020/6/10 16:57,1,65,80
2020/6/10 16:58,1,50,80
2020/6/11 14:33,1,-70,20
2020/6/11 15:43,1,-30,60
2020/6/11 15:51,1,-30,70
2020/6/11 16:07,1,20,80
2020/6/11 16:12,1,50,20
2020/6/11 19:58,1,15,10
2020/6/11 22:49,1,10,20
2020/6/11 23:07,1,30,70
2020/6/11 23:47,1,-50,20
2020/6/12 3:43,1,-70,40
2020/6/14 23:46,1,70,80
2020/6/14 23:54,1,50,70
2020/6/15 4:01,1,60,80
2020/6/17 22:38,1,-30,60
2020/6/18 0:13,1,20,70
2020/6/18 1:46,1,75,85
2020/6/18 15:37,1,10,20
2020/6/18 16:00,1,70,90
2020/6/18 16:08,1,-20,70
2020/6/18 16:17,1,50,30
2020/6/18 17:20,1,60,70
2020/6/18 17:30,1,30,60
2020/6/18 17:44,1,-60,80
2020/6/18 18:23,1,15,75
2020/6/18 18:49,1,30,70
2020/6/18 19:09,1,50,70
2020/6/18 20:30,1,-20,70
2020/6/18 21:33,1,50,20
2020/6/18 21:54,1,50,80
2020/6/19 0:03,1,10,50
2020/6/19 0:39,1,60,20
2020/6/19 0:52,1,10,80
2020/6/19 16:55,1,10,70
2020/6/19 17:30,1,-30,60
2020/6/19 17:43,1,50,80
2020/6/19 17:56,1,20,60
2020/6/19 18:39,1,60,80
2020/6/19 19:46,1,45,70
2020/6/19 20:21,1,20,60
2020/6/19 21:50,1,40,70
2020/6/19 22:32,1,-30,70
2020/6/19 22:45,1,40,70
2020/6/26 17:09,1,82,90
2020/6/26 17:22,1,25,70
2020/6/26 17:26,1,20,60
2020/6/26 18:12,1,30,65
2020/6/26 18:28,1,70,85
2020/6/26 19:53,1,10,80
2020/6/26 20:14,1,40,70
2020/6/26 20:25,1,60,70
2020/6/26 20:37,1,30,60
2020/6/26 21:06,1,-40,70
2020/6/26 21:18,1,-30,60
2020/6/29 12:21,1,40,60
2020/6/29 12:29,1,60,80
2020/6/29 13:27,1,70,85
2020/6/29 13:37,1,80,90
2020/6/29 14:24,1,-30,70
2020/6/29 16:19,1,-40,70
2020/6/29 16:31,1,40,70
2020/6/29 17:12,1,20,65
2020/6/29 17:33,1,-30,70
2020/6/29 17:55,1,-20,80
2020/6/29 18:21,1,-20,70
2020/6/29 19:59,1,-30,70
2020/6/29 21:34,1,-40,60
2020/6/29 22:17,1,10,50
2020/6/29 22:25,1,5,70
2020/6/29 23:03,1,-50,60
2020/6/29 23:20,1,-70,80
2020/6/29 23:24,1,15,40
2020/6/29 23:50,1,-20,80
2020/6/30 14:34,1,15,20
2020/6/30 15:22,1,56,75
2020/6/30 15:27,1,70,30
2020/7/5 19:21,1,75,80
2020/7/5 19:56,1,80,90
2020/7/5 20:04,1,50,70
2020/7/5 20:49,1,0,80
2020/7/5 21:00,1,10,60
2020/7/5 22:40,1,5,80
2020/7/5 22:41,1,20,70
2020/7/6 1:02,1,70,80
2020/7/6 3:10,1,-60,20
2020/7/10 17:11,1,10,70
2020/7/10 17:18,1,30,70
2020/7/10 17:26,1,-30,70
2020/7/10 18:08,1,-10,70
2020/7/10 18:17,1,10,20
2020/7/10 19:04,1,40,80
2020/7/10 19:13,1,75,60
2020/7/10 19:43,1,0,20
2020/7/10 20:13,1,-30,50
2020/7/10 20:17,1,30,20
2020/7/10 20:20,1,50,10
2020/7/13 3:19,1,20,60
2020/7/13 22:44,1,15,45
2020/7/13 23:29,1,10,20
2020/7/14 1:08,1,20,70
2020/7/14 3:55,1,-10,60
2020/7/14 4:13,1,5,20
2020/7/14 8:52,1,25,90
2020/7/14 13:39,1,-10,70
2020/7/14 16:08,1,-10,20
2020/7/14 16:28,1,40,70
2020/7/14 20:16,1,30,60
2020/7/15 2:24,1,10,70
2020/7/15 7:32,1,-40,30
2020/7/18 19:46,1,-20,60
2020/7/18 20:14,1,20,85
2020/7/18 20:36,1,30,70
2020/7/18 20:40,1,80,70
2020/7/18 21:09,1,60,80
2020/7/18 23:31,1,30,70
2020/7/19 0:50,1,50,80
2020/7/19 6:39,1,60,80
2020/7/19 6:41,1,20,70
2020/7/19 13:31,1,70,80
2020/7/19 15:34,1,60,80
2020/7/19 15:48,1,-30,60
2020/7/19 16:47,1,80,50
2020/7/19 20:21,1,60,80
2020/7/20 1:34,1,70,80
2020/7/20 2:49,1,-80,70
2020/7/20 12:35,1,-55,80
2020/7/20 14:33,1,50,80
2020/7/20 15:10,1,60,70
2020/7/20 17:27,1,-65,45
2020/7/22 15:37,1,60,50
2020/7/22 15:46,1,-50,30
2020/7/22 16:15,1,-70,90
2020/7/22 16:30,1,-60,70
2020/7/22 17:02,1,30,50
2020/7/22 17:27,1,10,80
2020/7/23 1:43,1,50,80
2020/7/23 1:47,1,50,60
2020/7/26 21:55,1,25,70
2020/7/27 18:55,1,70,85
2020/7/27 19:09,1,30,60
2020/7/27 19:24,1,32,68
2020/7/27 19:59,1,20,70
2020/7/27 20:01,1,20,80
2020/7/27 20:09,1,-30,60
2020/7/27 20:43,1,-60,30
2020/7/27 20:52,1,40,70
2020/7/27 21:08,1,-50,60
2020/7/27 23:33,1,-70,60
2020/7/27 23:39,1,65,85
2020/8/2 2:01,1,50,80
2020/8/2 2:21,1,-40,60
2020/8/2 2:29,1,75,90
2020/8/2 2:36,1,-70,30
2020/8/2 2:39,1,75,90
2020/8/2 2:58,1,40,60
2020/8/2 4:27,1,30,70
2020/8/2 4:56,1,60,75
2020/8/2 5:04,1,10,60
2020/8/2 5:30,1,50,70
2020/8/2 5:35,1,-10,60
2020/8/2 5:55,1,-20,60
2020/8/2 6:03,1,60,75
2020/8/2 6:33,1,0,20
2020/8/2 14:29,1,60,70
2020/8/2 18:39,1,-40,60
2020/8/2 22:56,1,40,60
2020/8/2 23:36,1,10,70
2020/8/3 0:47,1,-5,10
2020/8/3 1:34,1,-20,60
2020/8/3 2:34,1,60,80
2020/8/3 3:19,1,70,80
2020/8/3 13:26,1,60,75
2020/8/3 15:43,1,-20,70
2020/8/3 16:10,1,60,80
2020/8/3 17:38,1,70,80
2020/8/3 17:43,1,20,70
2020/8/3 17:46,1,35,80
2020/8/3 18:35,1,10,90
2020/8/3 18:41,1,50,70
2020/8/3 19:04,1,60,80
2020/8/3 19:19,1,30,65
2020/8/3 20:24,1,40,70
2020/8/3 20:47,1,20,70
2020/8/3 21:23,1,25,70
2020/8/3 21:28,1,25,60
2020/8/3 22:30,1,20,60
2020/8/3 22:49,1,-15,40
2020/8/4 0:24,1,70,80
2020/8/4 0:27,1,60,80
2020/8/4 1:16,1,75,85
2020/8/4 2:07,1,20,50
2020/8/4 5:21,1,50,80
2020/8/4 15:18,1,70,60
2020/8/4 15:50,1,50,20
2020/8/4 16:09,1,60,80
2020/8/4 16:22,1,70,60
2020/8/4 17:22,1,50,70
2020/8/4 23:34,1,-70,85
2020/8/4 23:47,1,-30,70
2020/8/5 21:52,1,5,80
2020/8/6 14:50,1,10,70
2020/8/6 15:19,1,20,30
2020/8/8 4:57,1,50,85
2020/8/8 5:30,1,65,75
2020/8/8 12:28,1,50,80
2020/8/8 13:24,1,0,50
2020/8/8 15:01,1,20,80
2020/8/8 15:08,1,20,80
2020/8/11 1:54,1,20,70
2020/8/13 1:15,1,70,90
2020/8/13 1:44,1,-20,60
2020/8/13 2:31,1,-30,75
2020/8/13 3:26,1,-26,73
2020/8/13 5:13,1,20,70
2020/8/13 12:33,1,70,85
2020/8/13 15:35,1,-30,70
2020/8/13 16:04,1,15,30
2020/8/13 16:11,1,20,75
2020/8/13 16:16,1,10,60
2020/8/13 16:38,1,65,80
2020/8/15 6:46,1,70,75
2020/8/15 7:49,1,20,60
2020/8/16 5:33,1,-20,75
2020/8/16 5:55,1,-70,80
2020/8/16 6:10,1,10,50
2020/8/16 6:24,1,-30,60
2020/8/16 17:09,1,-20,60
2020/8/16 17:15,1,60,70
2020/8/16 17:45,1,60,80
2020/8/16 17:57,1,80,90
2020/8/16 17:57,1,-10,60
2020/8/16 18:00,1,70,90
2020/8/16 18:49,1,-70,60
2020/8/16 19:03,1,70,80
2020/8/16 19:32,1,20,50
2020/8/16 19:46,1,40,60
2020/8/16 20:06,1,60,80
2020/8/16 20:16,1,-40,80
2020/8/16 21:42,1,60,80
2020/8/16 22:02,1,-70,80
2020/8/17 0:00,1,50,80
2020/8/18 0:19,1,-60,75
2020/8/18 0:26,1,-50,60
2020/8/18 0:33,1,50,75
2020/8/18 0:40,1,-60,30
2020/8/18 0:56,1,70,90
2020/8/18 0:59,1,-80,60
2020/8/18 1:06,1,-80,10
2020/8/18 1:32,1,50,80
2020/8/18 18:46,1,10,30
2020/8/18 18:47,1,60,30
2020/8/18 19:06,1,20,80
2020/8/18 23:40,1,-70,60
2020/8/19 0:17,1,70,85
2020/8/19 1:52,1,65,80
2020/8/19 3:49,1,30,80
2020/8/19 4:46,1,50,60
2020/8/19 22:55,1,20,75
2020/8/20 0:26,1,10,40
2020/8/20 1:34,1,70,80
2020/8/20 1:48,1,-40,20
2020/8/20 1:49,1,-5,70
2020/8/20 2:43,1,10,80
2020/8/20 4:06,1,-20,60
2020/8/20 16:26,1,50,75
2020/8/20 16:35,1,60,70
2020/8/20 16:40,1,80,90
2020/8/20 17:02,1,40,80
2020/8/20 19:38,1,75,85
2020/8/20 19:45,1,70,85
2020/8/20 20:23,1,20,50
2020/8/20 20:40,1,-60,80
2020/8/20 21:00,1,-60,80
2020/8/21 16:15,1,70,60
2020/8/25 15:59,1,10,60
2020/8/25 16:06,1,20,80
2020/8/25 19:06,1,60,80
2020/8/25 19:31,1,60,80
2020/8/25 19:41,1,40,70
2020/8/25 20:04,1,-20,60
2020/8/25 20:40,1,25,70
2020/8/25 20:46,1,80,90
2020/8/25 21:17,1,75,85
2020/8/25 21:32,1,-60,70
2020/8/25 21:32,1,10,20
2020/8/25 21:35,1,70,90
2020/8/26 3:49,1,-10,70
2020/8/26 15:30,1,40,75
2020/8/26 16:10,1,-70,80
2020/8/26 16:12,1,-40,60
2020/8/26 16:12,1,-15,85
2020/8/26 16:22,1,-10,60
2020/8/26 16:42,1,-70,60
2020/8/26 16:47,1,-10,50
2020/8/26 17:02,1,20,70
2020/8/26 17:27,1,70,85
2020/8/26 17:53,1,15,70
2020/8/26 17:57,1,60,80
2020/8/26 19:32,1,62,55
2020/8/26 22:15,1,70,80
2020/8/26 22:25,1,-20,80
2020/8/26 22:38,1,10,60
2020/8/26 23:59,1,20,70
2020/8/27 0:01,1,0,10
2020/8/27 0:04,1,70,80
2020/8/27 0:04,1,60,80
2020/8/27 0:15,1,60,80
2020/8/27 1:12,1,75,85
2020/8/27 2:01,1,20,70
2020/8/27 2:12,1,-70,30
2020/9/1 13:49,1,-50,30
2020/9/1 15:46,1,-10,60
2020/9/1 19:35,1,5,30
2020/9/1 20:32,1,50,70
2020/9/1 21:12,1,-75,60
2020/9/1 21:38,1,-50,60
2020/9/1 22:31,1,85,90
2020/9/2 0:24,1,10,20
2020/9/2 1:17,1,20,70
2020/9/2 1:42,1,-30,75
2020/9/2 4:04,1,70,80
2020/9/2 4:41,1,20,60
2020/9/2 4:58,1,20,70
2020/9/2 14:28,1,75,80
2020/9/2 17:01,1,-40,70
2020/9/2 17:18,1,70,90
2020/9/2 17:26,1,0,40
2020/9/2 17:34,1,10,80
2020/9/2 17:45,1,-60,70
2020/9/2 17:52,1,-50,40
2020/9/2 17:55,1,60,80
2020/9/2 17:56,1,50,75
2020/9/2 17:59,1,-30,20
2020/9/2 18:58,1,-70,80
2020/9/2 19:03,1,-15,60
2020/9/2 20:34,1,-70,80
2020/9/2 20:36,1,85,75
2020/9/2 20:41,1,70,75
2020/9/2 21:27,1,10,75
2020/9/2 23:09,1,60,70
2020/9/2 23:16,1,-20,75
2020/9/2 23:37,1,-60,70
2020/9/2 23:41,1,-45,75
2020/9/3 0:01,1,70,90
2020/9/3 1:23,1,60,80
2020/9/3 15:40,1,50,70
2020/9/4 20:47,1,60,80
2020/9/4 21:22,1,65,80
2020/9/4 21:28,1,40,60
2020/9/4 21:30,1,30,60
2020/9/4 21:38,1,10,70
2020/9/4 21:46,1,40,60
2020/9/4 21:51,1,30,70
2020/9/5 0:35,1,20,70
2020/9/5 0:57,1,60,85
2020/9/5 17:39,1,60,85
2020/9/6 20:18,1,80,90
2020/9/7 15:42,1,-60,50
2020/9/7 16:20,1,25,60
2020/9/7 16:22,1,-10,50
2020/9/7 16:26,1,40,80
2020/9/7 16:38,1,20,80
2020/9/7 17:13,1,10,50
2020/9/7 17:47,1,60,75
2020/9/8 16:57,1,20,80
2020/9/8 19:42,1,5,70
2020/9/9 1:35,1,80,20
2020/9/10 14:38,1,80,90
2020/9/10 15:31,1,60,80
2020/9/11 16:34,1,80,90
2020/9/11 17:50,1,-75,80
2020/9/12 17:43,1,80,90
2020/9/13 0:58,1,30,60
2020/9/13 3:15,1,70,90
2020/9/13 4:13,1,70,85
2020/9/13 6:48,1,50,20
2020/9/13 18:21,1,60,85
2020/9/13 21:00,1,20,30
2020/9/14 2:47,1,20,70
2020/9/14 2:54,1,50,30
2020/9/17 0:16,1,10,80
2020/9/17 0:21,1,-60,80
2020/9/17 1:14,1,60,80
2020/9/17 1:41,1,5,80
2020/9/17 1:47,1,20,60
2020/9/17 2:06,1,40,20
2020/9/17 2:19,1,-85,20
2020/9/17 2:27,1,10,80
2020/9/17 2:44,1,-50,60
2020/9/17 2:46,1,-60,70
2020/9/20 1:28,1,30,70
2020/9/20 1:29,1,-70,60
2020/9/20 1:31,1,-40,70
2020/9/20 1:37,1,10,50
2020/9/20 16:51,1,-50,80
2020/9/20 16:57,1,-70,70
2020/9/20 16:58,1,20,70
2020/9/20 17:00,1,-20,60
2020/9/20 17:08,1,20,70
2020/9/20 17:12,1,-70,30
2020/9/22 7:10,1,-40,70
2020/9/22 12:23,1,20,80
2020/9/22 12:44,1,-70,60
2020/9/22 13:22,1,-80,60
2020/9/22 13:38,1,-70,20
2020/9/23 3:03,1,-20,75
2020/9/23 3:48,1,-60,40
2020/9/23 4:58,1,-60,70
2020/9/23 5:06,1,30,50
2020/9/23 5:10,1,40,60
2020/9/23 14:34,1,-50,70
2020/9/26 2:34,1,60,75
2020/9/26 13:46,1,10,70
2020/10/1 20:37,1,-20,60
2020/10/2 3:46,1,50,60
2020/10/2 4:00,1,20,70
2020/10/2 4:41,1,70,80
2020/10/2 20:20,1,70,80
2020/10/2 22:05,1,60,70
2020/10/3 17:07,1,30,70
2020/10/3 18:26,1,25,60
2020/10/3 19:14,1,70,90
2020/10/3 21:29,1,60,80
2020/10/3 22:07,1,50,70
2020/10/8 17:22,1,60,80
2020/10/8 18:15,1,30,60
2020/10/8 19:16,1,40,60
2020/10/8 19:34,1,0,20
2020/10/9 15:49,1,0,10
2020/10/9 15:52,1,10,5
2020/10/9 16:00,1,50,40
2020/10/10 6:51,1,40,70
2020/10/10 12:30,1,50,30
2020/10/10 14:28,1,80,90
2020/10/10 14:29,1,50,70
2020/10/10 14:43,1,70,90
2020/10/11 1:33,1,0,30
2020/10/11 2:40,1,-10,30
2020/10/11 4:14,1,70,90
2020/10/11 5:02,1,70,85
2020/10/11 5:16,1,-65,40
2020/10/11 5:26,1,-30,60
2020/10/11 15:18,1,50,70
2020/10/15 20:28,1,40,70
2020/10/15 20:49,1,30,85
2020/10/15 21:25,1,20,70
2020/10/15 22:29,1,30,70
2020/10/15 22:43,1,-30,50
2020/10/15 23:09,1,95,80
2020/10/15 23:19,1,60,20
2020/10/15 23:38,1,66,80
2020/10/15 23:51,1,50,70
2020/10/15 23:54,1,25,60
2020/10/16 1:02,1,80,70
2020/10/16 16:19,1,70,85
2020/10/16 16:24,1,25,60
2020/10/16 16:27,1,-60,30
2020/10/16 17:40,1,-30,10
2020/10/16 17:47,1,-40,20
2020/10/16 18:31,1,20,70
2020/10/16 19:34,1,50,80
2020/10/16 19:49,1,65,40
2020/10/16 20:21,1,-20,60
2020/10/16 20:57,1,60,50
2020/10/16 21:21,1,-50,80
2020/10/17 1:00,1,10,70
2020/10/17 2:57,1,20,60
2020/10/17 14:28,1,-70,85
2020/10/17 14:59,1,20,60
2020/10/17 15:34,1,-30,60
2020/10/17 16:03,1,0,50
2020/10/17 17:00,1,10,80
2020/10/17 17:25,1,30,70
2020/10/17 18:56,1,-80,90
2020/10/18 22:46,1,60,80
2020/10/18 23:24,1,20,60
2020/10/18 23:31,1,30,80
2020/10/19 0:01,1,60,70
2020/10/19 0:07,1,-30,70
2020/10/19 0:17,1,20,80
2020/10/19 0:19,1,-70,90
2020/10/19 0:34,1,20,60
2020/10/19 0:41,1,20,40
2020/10/19 0:51,1,-70,50
2020/10/19 0:53,1,-10,50
2020/10/19 13:07,1,50,75
2020/10/19 13:31,1,70,80
2020/10/19 13:33,1,20,60
2020/10/19 13:46,1,-70,60
2020/10/19 14:19,1,70,90
2020/10/19 17:41,1,70,85
2020/10/19 21:29,1,-65,80
2020/10/19 21:55,1,30,70
2020/10/20 2:03,1,75,60
2020/10/20 3:25,1,-70,40
2020/10/20 3:38,1,10,80
2020/10/20 4:03,1,10,60
2020/10/20 5:24,1,-40,20
2020/10/20 15:47,1,-20,70
2020/10/20 22:30,1,-70,65
2020/10/21 4:51,1,30,70
2020/10/21 14:37,1,-80,70
2020/10/21 15:25,1,-60,70
2020/10/21 16:02,1,15,65
2020/10/21 16:15,1,10,70
2020/10/21 17:16,1,-60,40
2020/10/21 17:30,1,60,40
2020/10/25 14:32,1,35,70
2020/10/25 14:50,1,55,80
2020/10/25 16:03,1,50,70
2020/10/25 16:03,1,60,70
2020/10/25 16:14,1,50,60
2020/10/25 18:59,1,20,70
2020/10/26 2:15,1,10,60
2020/10/26 15:15,1,-10,60
2020/10/26 15:59,1,-10,60
2020/10/26 16:37,1,-40,70
2020/10/26 16:47,1,-70,80
2020/10/26 17:02,1,-50,75
2020/10/26 17:13,1,20,70
2020/10/26 17:50,1,-20,60
2020/10/26 19:06,1,-30,60
2020/10/26 19:31,1,-50,60
2020/10/26 20:19,1,-70,70
2020/10/27 4:08,1,60,80
2020/10/27 4:43,1,-70,85
2020/10/27 5:19,1,-60,80
2020/10/28 22:56,1,10,80
2020/10/28 23:05,1,-10,30
2020/10/28 23:08,1,60,80
2020/10/28 23:38,1,10,60
2020/10/28 23:52,1,30,15
2020/10/29 0:27,1,-50,40
2020/10/29 2:15,1,50,75
2020/10/29 4:47,1,75,85
2020/10/29 23:00,1,40,75
2020/10/30 3:59,1,-80,90
2020/10/30 7:20,1,-20,60
2020/10/30 8:35,1,20,80
2020/10/30 9:56,1,70,20
2020/10/30 14:28,1,45,60
2020/10/30 19:49,1,-70,10
2020/10/30 19:57,1,-45,75
2020/10/30 21:44,1,-70,90
2020/10/30 21:51,1,30,10
2020/10/31 0:43,1,70,90
2020/10/31 1:47,1,-70,80
2020/11/2 3:00,1,50,70
2020/11/2 21:26,1,55,80
2020/11/3 0:40,1,25,70
2020/11/3 1:31,1,60,80
2020/11/3 2:06,1,-10,70
2020/11/3 2:43,1,40,80
2020/11/3 4:29,1,15,85
2020/11/3 4:36,1,70,90
2020/11/3 4:40,1,60,80
2020/11/3 23:58,1,65,80
2020/11/4 1:46,1,20,70
2020/11/6 20:13,1,-60,70
2020/11/6 20:40,1,20,70
2020/11/6 20:44,1,50,80
2020/11/6 21:02,1,28,65
2020/11/6 21:34,1,5,20
2020/11/6 21:50,1,70,80
2020/11/6 23:12,1,-20,70
2020/11/6 23:26,1,-20,60
2020/11/6 23:30,1,5,75
2020/11/6 23:58,1,40,70
2020/11/7 0:40,1,70,90
2020/11/8 17:27,1,-60,40
2020/11/8 17:34,1,-40,80
2020/11/8 20:42,1,50,75
2020/11/8 21:30,1,50,80
2020/11/8 22:41,1,25,60
2020/11/9 0:06,1,70,80
2020/11/9 7:19,1,80,70
2020/11/10 18:59,1,75,80
2020/11/10 19:18,1,70,90
2020/11/10 23:18,1,85,70
2020/11/20 23:59,1,-60,90
2020/11/21 0:03,1,-70,80
2020/11/21 0:04,1,-70,60
2020/11/21 0:18,1,-20,70
2020/11/21 0:36,1,-70,80
2020/11/21 0:39,1,50,70
2020/11/21 0:45,1,-80,70
2020/11/21 0:49,1,-25,80
2020/11/21 0:50,1,-40,60
2020/11/21 1:28,1,-40,80
2020/11/21 1:31,1,60,40
2020/11/23 4:39,1,50,60
2020/11/23 14:25,1,60,80
2020/11/23 21:50,1,50,70
2020/11/23 23:24,1,60,80
2020/11/24 4:15,1,10,60
2020/11/24 5:00,1,20,65
2020/11/24 5:38,1,25,70
2020/11/24 16:27,1,60,80
2020/11/24 17:05,1,40,80
2020/11/25 1:09,1,27,63
2020/11/25 1:56,1,-60,80
2020/11/25 3:58,1,20,70
2020/11/25 4:32,1,-70,50
2020/11/25 5:01,1,0,80
2020/11/25 5:17,1,5,50
2020/11/26 6:01,1,70,90
2020/11/26 13:13,1,50,80
2020/11/26 14:48,1,40,70
2020/11/26 16:44,1,-10,30
2020/11/26 16:58,1,45,75
2020/11/26 22:19,1,-25,30
2020/11/30 2:13,1,30,50
2020/11/30 3:52,1,30,70
2020/11/30 4:44,1,60,80
2020/11/30 5:20,1,60,80
2020/11/30 6:38,1,60,70
2020/11/30 16:52,1,25,70
2020/11/30 19:27,1,35,80
2020/12/1 0:26,1,10,65
2020/12/8 5:18,1,20,80
2020/12/8 5:35,1,0,20
2020/12/8 6:26,1,20,60
2020/12/8 6:28,1,-60,40
2020/12/8 6:49,1,60,80
2020/12/8 15:43,1,70,85
2020/12/8 15:57,1,60,40
2020/12/8 17:40,1,60,75
2020/12/8 18:07,1,20,80
2020/12/8 20:47,1,10,60
2020/12/9 22:58,1,-80,20
2020/12/9 23:01,1,75,90
2020/12/9 23:03,1,60,75
2020/12/9 23:04,1,-65,80
2020/12/9 23:04,1,70,90
2020/12/9 23:07,1,-20,70
2020/12/9 23:09,1,25,70
2020/12/9 23:12,1,25,70
2020/12/9 23:15,1,25,80
2020/12/9 23:18,1,20,60
2020/12/12 18:31,1,60,80
2020/12/12 18:43,1,10,70
2020/12/12 19:08,1,70,80
2020/12/12 19:27,1,60,70
2020/12/12 19:41,1,-40,60
2020/12/13 1:09,1,70,80
2020/12/13 1:51,1,40,70
2020/12/13 3:59,1,20,80
2020/12/13 13:42,1,65,80
2020/12/13 23:37,1,-60,80
2020/12/13 23:53,1,10,50
2020/12/14 0:08,1,60,70
2020/12/14 0:10,1,30,50
2020/12/14 0:14,1,50,60
2020/12/14 0:21,1,60,80
2020/12/14 0:26,1,10,70
2020/12/14 0:27,1,60,30
2020/12/14 0:29,1,10,80
2020/12/17 6:14,1,25,70
2020/12/18 16:33,1,35,70
2020/12/18 21:10,1,30,70
2020/12/18 21:32,1,5,70
2020/12/18 21:34,1,40,30
2020/12/18 21:48,1,-25,10
2020/12/18 21:54,1,-10,40
2020/12/18 21:59,1,70,80
2020/12/18 22:43,1,-30,10
2020/12/18 23:27,1,10,30
2020/12/19 1:00,1,70,80
2020/12/19 1:16,1,-50,60
2020/12/19 3:19,1,-70,50
2020/12/19 3:47,1,25,15
2020/12/19 6:15,1,60,70
2020/12/21 18:07,1,20,70
2020/12/21 18:50,1,20,65
2020/12/21 18:56,1,75,90
2020/12/21 19:00,1,35,45
2020/12/21 19:03,1,40,70
2020/12/21 19:10,1,45,80
2020/12/21 19:15,1,-70,80
2020/12/21 19:27,1,-30,70
2020/12/21 19:34,1,20,60
2020/12/21 20:20,1,30,70
2020/12/21 20:24,1,50,80
2020/12/25 23:50,1,-10,40
2020/12/26 1:23,1,-70,60
2020/12/26 1:49,1,-10,60
2020/12/26 2:29,1,70,85
2020/12/26 3:38,1,20,70
2020/12/26 6:53,1,-65,85
2020/12/26 15:59,1,60,70
2020/12/26 16:38,1,-20,70
2020/12/26 18:03,1,-40,60
2020/12/26 18:12,1,-20,70
2020/12/26 18:35,1,65,80
2020/12/29 20:48,1,-20,70
2020/12/30 16:43,1,-50,70
2021/1/2 2:37,1,-60,80
2021/1/2 2:43,1,0,10
2021/1/2 2:55,1,-85,70
2021/1/2 3:23,1,10,20
2021/1/2 4:26,1,-70,80
2021/1/2 14:22,1,20,60
2021/1/2 15:32,1,10,60
2021/1/2 16:19,1,-80,60
2021/1/2 17:50,1,-70,50
2021/1/2 18:28,1,70,60
2021/1/3 0:39,1,70,80
2021/1/3 3:03,1,-40,70
2021/1/3 3:22,1,-60,70
2021/1/3 17:13,1,62,78
2021/1/3 17:36,1,5,20
2021/1/3 17:50,1,-20,40
2021/1/3 19:35,1,70,85
2021/1/3 21:50,1,75,85
2021/1/3 21:56,1,-20,80
2021/1/3 22:40,1,10,5
2021/1/3 23:36,1,-10,80
2021/1/4 0:16,1,40,70
2021/1/4 4:29,1,70,90
2021/1/4 23:24,1,60,70
2021/1/8 5:04,1,-20,60
2021/1/8 5:40,1,-65,40
2021/1/8 17:59,1,-60,80
2021/1/8 18:43,1,40,80
2021/1/8 20:00,1,-50,70
2021/1/8 20:35,1,60,80
2021/1/8 20:57,1,-30,70
2021/1/8 21:47,1,20,60
2021/1/8 23:14,1,-40,60
2021/1/8 23:29,1,30,60
2021/1/9 5:03,1,50,70
2021/1/9 5:31,1,5,25
2021/1/9 18:47,1,-70,40
2021/1/9 19:03,1,-40,60
2021/1/9 21:36,1,40,65
2021/1/9 21:51,1,20,60
2021/1/9 22:03,1,60,30
2021/1/10 2:35,1,0,60
2021/1/10 2:43,1,-10,80
2021/1/10 3:23,1,70,60
2021/1/10 3:37,1,20,70
2021/1/10 22:42,1,40,25
2021/1/11 0:48,1,-10,30
2021/1/11 3:47,1,35,75
2021/1/11 4:51,1,70,85
2021/1/11 5:17,1,60,70
2021/1/11 5:44,1,15,60
2021/1/11 6:14,1,-20,60
2021/1/11 7:36,1,10,60
2021/1/11 7:39,1,-40,20
2021/1/11 12:23,1,20,60
2021/1/11 23:32,1,15,40
2021/1/11 23:35,1,30,50
2021/1/14 2:47,1,70,60
2021/1/14 4:26,1,70,25
2021/1/14 14:59,1,80,20
2021/1/14 16:20,1,50,20
2021/1/14 16:40,1,20,65
2021/1/14 20:31,1,-5,70
2021/1/14 20:32,1,-10,30
2021/1/14 20:38,1,20,10
2021/1/14 20:39,1,-70,30
2021/1/14 20:42,1,10,30
2021/1/14 20:53,1,50,30
2021/1/14 21:16,1,-10,60
2021/1/14 21:16,1,-70,80
2021/1/15 1:06,1,25,10
2021/1/15 1:11,1,30,60
2021/1/15 1:51,1,-75,90
2021/1/15 2:32,1,-50,40
2021/1/17 16:57,1,60,80
2021/1/22 20:06,1,-20,10
2021/1/22 21:14,1,-50,70
2021/1/22 22:39,1,20,60
2021/1/23 1:05,1,5,35
2021/1/23 19:52,1,-40,20
2021/1/23 23:36,1,-25,40
2021/1/24 4:12,1,65,80
2021/1/24 5:18,1,40,70
2021/1/24 16:18,1,50,80
2021/1/24 16:36,1,55,75
2021/1/24 17:53,1,70,80
2021/1/24 19:33,1,40,60
2021/1/24 23:22,1,60,80
2021/1/25 1:39,1,-40,75
2021/1/25 1:49,1,10,60
2021/1/25 5:19,1,-30,70
2021/1/25 5:38,1,-60,40
2021/1/25 17:25,1,-10,60
2021/1/25 17:32,1,10,60
2021/1/25 17:47,1,60,70
2021/1/25 17:59,1,70,80
2021/1/25 18:17,1,70,90
2021/1/25 18:33,1,-60,90
2021/1/25 20:30,1,-30,60
2021/1/25 20:59,1,40,60
2021/1/27 4:53,1,20,70
2021/1/27 5:19,1,50,80
2021/1/28 6:12,1,60,80
2021/1/28 7:04,1,-70,50
2021/1/28 7:08,1,0,75
2021/1/28 7:14,1,-60,50
2021/1/28 16:09,1,-10,80
2021/1/28 16:42,1,40,60
2021/1/28 17:20,1,60,80
2021/1/28 23:24,1,25,70
2021/1/29 2:35,1,60,80
2021/1/29 2:49,1,50,70
2021/1/29 2:56,1,-10,80
2021/1/29 21:39,1,30,50
2021/1/29 21:51,1,-40,10
2021/1/29 22:02,1,-70,40
2021/1/29 22:03,1,0,80
2021/1/29 22:09,1,-80,90
2021/1/29 22:14,1,10,30
2021/1/29 22:16,1,-80,70
2021/1/29 22:34,1,-65,40
2021/1/29 22:46,1,10,20
2021/1/29 23:11,1,-70,25
2021/2/2 1:12,1,30,65
2021/2/2 1:29,1,-45,75
2021/2/2 1:49,1,25,60
2021/2/2 3:01,1,-50,60
2021/2/2 4:42,1,15,70
2021/2/2 4:59,1,-25,50
2021/2/2 6:58,1,-40,55
2021/2/2 10:28,1,-50,60
2021/2/2 15:35,1,30,80
2021/2/3 3:00,1,70,60
2021/2/3 5:47,1,-70,50
2021/2/5 3:59,1,10,80
2021/2/5 5:28,1,5,80
2021/2/5 5:32,1,40,75
2021/2/5 14:52,1,-70,70
2021/2/5 18:58,1,20,70
2021/2/5 21:25,1,25,70
2021/2/5 21:27,1,-20,60
2021/2/5 21:31,1,30,70
2021/2/7 4:55,1,20,40
2021/2/7 6:01,1,50,10
2021/2/7 7:07,1,60,20
2021/2/7 17:11,1,-70,80
2021/2/7 19:22,1,15,70
2021/2/8 22:45,1,-30,60
2021/2/9 0:44,1,-25,50
2021/2/9 0:54,1,-10,70
2021/2/9 1:02,1,20,60
2021/2/9 1:46,1,50,70
2021/2/9 2:18,1,50,75
2021/2/9 2:34,1,80,90
2021/2/9 2:55,1,-70,60
2021/2/9 3:04,1,-50,70
2021/2/9 3:48,1,-50,70
2021/2/9 4:45,1,-20,60
2021/2/9 5:44,1,-30,60
2021/2/9 19:07,1,-10,80
2021/2/9 23:03,1,70,90
2021/2/10 1:49,1,70,80
2021/2/10 3:15,1,70,90
2021/2/10 18:01,1,30,60
2021/2/10 21:21,1,30,80
2021/2/10 23:34,1,40,70
2021/2/16 20:06,1,80,90
2021/2/16 20:30,1,80,90
2021/2/19 1:59,1,-75,90
2021/2/20 20:01,1,20,70
2021/2/20 21:59,1,-30,60
2021/2/20 22:05,1,20,70
2021/2/20 22:08,1,60,80
2021/2/20 22:10,1,-40,60
2021/2/20 22:15,1,60,75
2021/2/20 22:34,1,20,75
2021/2/20 22:38,1,-10,30
2021/2/20 22:52,1,-70,80
2021/2/20 23:11,1,10,60
2021/2/20 23:19,1,40,90
2021/2/20 23:32,1,60,80
2021/2/21 18:03,1,-10,60
2021/2/22 16:28,1,50,80
2021/3/10 8:05,1,-10,30
2021/3/16 21:16,1,60,70
2021/3/16 21:23,1,75,90
2021/3/16 21:24,1,20,60
2021/3/16 21:43,1,50,70
2021/3/16 21:46,1,-80,60
2021/3/16 22:07,1,10,20
2021/3/16 22:32,1,-10,60
2021/3/16 22:35,1,70,80
2021/3/16 22:44,1,40,70
2021/3/16 23:23,1,50,75
2021/3/16 23:33,1,-60,40
2021/3/17 20:07,1,75,90
2021/3/17 20:30,1,25,80
2021/3/17 21:48,1,40,80
2021/3/17 21:59,1,70,90
2021/3/17 22:20,1,-20,70
2021/3/17 23:06,1,75,80
2021/3/17 23:59,1,20,70
2021/3/18 0:59,1,-60,80
2021/3/18 1:39,1,75,80
2021/3/24 4:27,1,-50,60
2021/3/24 14:16,1,60,80
2021/3/24 15:40,1,0,10
2021/3/24 15:45,1,10,70
2021/3/24 16:27,1,-5,70
2021/3/24 16:55,1,-20,50
2021/3/24 17:04,1,-20,70
2021/3/24 17:30,1,10,80
2021/3/24 18:08,1,41,73
2021/3/24 22:07,1,20,70
2021/3/24 23:36,1,-20,80
2021/3/25 2:45,1,30,50
2021/3/30 3:39,1,60,80
2021/4/1 7:17,1,25,80
2021/4/1 13:51,1,45,70
2021/4/1 15:06,1,10,80
2021/4/5 15:32,1,40,70
2021/4/5 16:11,1,20,70
2021/4/5 16:17,1,40,60
2021/4/5 18:17,1,-20,60
2021/4/5 18:27,1,25,70
2021/4/5 18:39,1,50,75
2021/4/5 19:07,1,25,60
2021/4/5 19:39,1,-45,70
2021/4/5 21:01,1,-60,75
2021/4/5 21:45,1,70,90
2021/4/7 1:50,1,60,40
2021/4/7 1:51,1,-20,30
2021/4/7 11:13,1,40,70
2021/4/7 12:33,1,-60,80
2021/4/7 14:18,1,-70,60
2021/4/7 15:08,1,-70,60
2021/4/7 15:40,1,50,80
2021/4/16 1:00,1,-40,80
2021/4/16 1:39,1,20,60
2021/4/16 1:50,1,-60,40
2021/4/16 2:15,1,-70,85
2021/4/16 4:11,1,60,80
2021/4/16 14:34,1,-70,80
2021/4/16 14:37,1,-70,60
2021/4/16 14:58,1,-30,60
2021/4/16 15:04,1,-10,70
2021/4/16 16:49,1,-20,50
2021/4/17 16:22,1,-60,40
2021/4/17 16:25,1,45,70
2021/4/17 17:18,1,-75,80
2021/4/17 17:32,1,10,30
2021/4/17 18:04,1,-70,20
2021/4/17 18:24,1,-40,80
2021/4/19 5:33,1,-70,80
2021/4/19 16:10,1,-70,80
2021/4/19 16:11,1,-80,60
2021/4/19 16:14,1,70,85
2021/4/19 23:17,1,-70,80
2021/4/20 0:01,1,20,60
2021/4/20 1:17,1,-40,80
2021/4/20 1:36,1,20,30
2021/4/20 1:49,1,-80,10
2021/4/20 7:33,1,-75,65
2021/4/20 14:02,1,-20,70
2021/4/20 14:55,1,-50,70
2021/4/20 17:19,1,-50,70
2021/4/20 17:26,1,-50,70
2021/4/20 18:24,1,55,70
2021/4/26 18:01,1,30,60
2021/4/26 22:03,1,20,50
2021/4/27 3:55,1,30,60
2021/4/27 5:50,1,60,80
2021/5/4 22:22,1,-65,80
2021/5/12 23:01,1,-70,80
2021/5/12 23:26,1,-40,30
2021/5/12 23:58,1,-30,15
2021/5/13 0:16,1,30,50
2021/5/13 0:30,1,40,80
2021/5/13 0:37,1,20,60
2021/5/13 0:41,1,-10,75
2021/5/13 2:14,1,40,70
2021/5/15 13:56,1,60,70
2021/5/15 14:03,1,40,70
2021/5/15 14:34,1,-60,40
2021/5/15 14:44,1,70,80
2021/5/15 14:56,1,15,85
2021/5/15 14:56,1,60,30
2021/5/15 15:24,1,60,70
2021/5/15 17:29,1,75,85
2021/5/15 17:38,1,40,80
2021/5/15 19:18,1,70,90
2021/5/15 19:28,1,10,20
2021/5/22 13:28,1,60,80
2021/5/22 19:41,1,40,75
2021/5/23 22:11,1,20,75
2021/5/24 13:23,1,20,40
2021/5/27 1:34,1,60,80
2021/5/27 3:17,1,40,70
2021/5/27 4:00,1,20,70
2021/5/27 4:05,1,70,80
2021/5/27 4:10,1,10,50
2021/5/27 4:18,1,20,70
2021/5/27 4:28,1,80,90
2021/5/27 4:35,1,70,80
2021/5/27 4:45,1,80,70
2021/5/27 4:48,1,20,60
2021/5/30 2:01,1,50,70
2021/5/30 2:54,1,60,80
2021/5/30 21:29,1,20,70
2021/5/30 21:50,1,20,85
2021/5/31 2:01,1,30,80
2021/5/31 6:28,1,-40,70
2021/5/31 20:24,1,25,70
2021/6/1 19:10,1,30,70
2021/6/1 19:28,1,40,80
2021/6/2 8:32,1,-20,75
2021/6/2 13:47,1,20,70
2021/6/2 13:53,1,-20,75
2021/6/2 14:24,1,25,60
2021/6/2 16:06,1,50,80
2021/6/2 18:03,1,60,80
2021/6/2 18:27,1,20,65
2021/6/2 22:22,1,-70,60
2021/6/2 23:05,1,20,70
2021/6/3 0:00,1,-58,25
2021/6/3 3:09,1,60,80
2021/6/3 12:39,1,-90,80
2021/6/3 15:20,1,60,80
2021/6/3 16:06,1,10,60
2021/6/3 16:11,1,0,25
2021/6/3 17:05,1,-55,75
2021/6/3 17:05,1,25,80
2021/6/3 17:07,1,-70,90
2021/6/3 17:14,1,-30,70
2021/6/3 17:57,1,20,70
2021/6/4 3:15,1,20,60
2021/6/4 4:16,1,50,80
2021/6/4 4:54,1,30,70
2021/6/4 12:45,1,60,80
2021/6/4 18:33,1,60,80
2021/6/4 19:02,1,25,50
2021/6/4 19:05,1,50,80
2021/6/4 19:30,1,10,90
2021/6/4 19:35,1,80,60
2021/6/4 19:43,1,50,70
2021/6/4 20:39,1,70,80
2021/6/4 20:55,1,60,80
2021/6/4 22:15,1,60,80
2021/6/7 3:39,1,60,80
2021/6/17 0:11,1,50,60
2021/6/17 0:16,1,20,60
2021/6/17 0:19,1,70,85
2021/6/17 1:25,1,80,90
2021/6/17 1:47,1,85,70
2021/6/17 1:53,1,0,20
2021/6/17 2:45,1,-5,15
2021/6/17 4:41,1,-70,50
2021/6/17 7:10,1,70,80
2021/6/17 12:50,1,60,80
2021/6/17 13:55,1,60,80
2021/6/18 18:01,1,-10,60
2021/6/18 18:14,1,5,65
2021/6/21 2:15,1,30,70
2021/6/21 3:28,1,50,80
2021/6/21 3:38,1,70,60
2021/6/21 3:41,1,60,40
2021/6/23 16:13,1,-70,60
2021/6/24 6:26,1,-62,80
2021/6/25 14:19,1,-40,60
2021/6/25 16:31,1,60,70
2021/6/25 17:17,1,30,50
2021/6/25 17:40,1,60,85
2021/6/25 18:16,1,40,60
2021/6/25 19:47,1,70,85
2021/6/25 19:58,1,50,70
2021/6/25 23:48,1,60,80
2021/6/26 1:39,1,60,80
2021/6/26 5:54,1,-20,80
2021/6/26 6:20,1,30,70
2021/6/26 14:33,1,60,80
2021/6/26 16:45,1,35,70
2021/6/27 6:47,1,80,70
2021/6/28 17:32,1,10,50
2021/6/29 2:17,1,-10,30
2021/6/29 4:22,1,50,80
2021/6/29 5:34,1,60,80
2021/6/29 6:24,1,-20,30
2021/6/29 16:34,1,20,60
2021/6/29 16:36,1,70,60
2021/6/29 16:39,1,60,80
2021/6/29 17:57,1,60,80
2021/6/29 19:14,1,20,70
2021/6/29 19:22,1,20,60
2021/6/30 20:48,1,30,60
2021/6/30 20:54,1,70,80
2021/6/30 21:05,1,75,85
2021/6/30 21:17,1,60,80
2021/6/30 21:20,1,50,30
2021/7/1 18:55,1,50,30
2021/7/1 21:21,1,40,60
2021/7/2 2:24,1,70,85
2021/7/4 2:07,1,10,70
2021/7/4 17:25,1,60,80
2021/7/4 17:40,1,70,65
2021/7/4 18:17,1,50,80
2021/7/4 18:24,1,30,80
2021/7/4 18:27,1,70,90
2021/7/4 20:13,1,70,60
2021/7/4 21:07,1,70,60
2021/7/5 20:55,1,80,90
2021/7/5 21:02,1,65,80
2021/7/6 18:03,1,-80,60
2021/7/6 19:23,1,-80,60
2021/7/6 19:28,1,-70,30
2021/7/6 19:38,1,-70,60
2021/7/6 19:57,1,-50,90
2021/7/6 20:19,1,-70,80
2021/7/6 20:34,1,50,80
2021/7/6 20:44,1,-40,85
2021/7/6 20:52,1,15,75
2021/7/6 21:03,1,15,60
2021/7/6 21:03,1,70,80
2021/7/6 21:05,1,30,50
2021/7/15 20:46,1,50,20
2021/7/18 14:16,1,50,90
2021/7/18 14:28,1,25,70
2021/7/18 20:50,1,20,60
2021/7/18 22:53,1,-60,30
2021/7/19 0:04,1,50,30
2021/7/19 15:05,1,-65,80
2021/7/19 18:20,1,20,60
2021/7/19 23:22,1,10,80
2021/7/22 1:57,1,-60,70
2021/7/22 2:33,1,20,60
2021/7/22 2:39,1,-20,40
2021/7/22 13:51,1,-40,70
2021/7/22 22:23,1,-70,80
2021/7/23 17:13,1,60,80
2021/7/23 17:50,1,30,70
2021/7/23 17:54,1,70,80
2021/7/23 17:55,1,30,70
2021/7/23 18:00,1,70,80
2021/7/23 18:00,1,10,80
2021/7/23 18:26,1,-20,70
2021/7/23 18:30,1,10,60
2021/7/23 19:06,1,50,30
2021/7/23 19:37,1,30,70
2021/7/23 20:06,1,45,65
2021/7/24 21:28,1,45,60
2021/7/24 21:40,1,40,60
2021/7/24 22:14,1,-10,85
2021/7/24 22:25,1,40,60
2021/7/25 14:50,1,20,80
2021/7/25 15:48,1,20,70
2021/7/26 2:37,1,30,20
2021/7/26 17:55,1,-25,75
2021/7/27 13:11,1,-10,30
2021/7/27 19:03,1,60,80
2021/7/27 20:42,1,75,80
2021/7/27 21:23,1,-20,60
2021/7/28 1:20,1,-60,80
2021/7/28 6:31,1,15,75
2021/7/28 15:15,1,-10,80
2021/7/28 17:46,1,50,90
2021/7/28 18:46,1,-60,75
2021/7/29 5:49,1,-20,90
2021/7/30 0:31,1,70,90
2021/7/30 1:50,1,75,90
2021/8/2 15:35,1,-60,80
2021/8/2 18:39,1,-20,70
2021/8/2 18:46,1,-10,60
2021/8/2 20:13,1,10,30
2021/8/2 20:29,1,15,40
2021/8/2 20:36,1,-85,70
2021/8/2 21:59,1,60,80
2021/8/2 22:15,1,-10,30
2021/8/2 22:22,1,10,40
2021/8/2 22:25,1,25,60
2021/8/2 22:29,1,10,70
2021/8/2 22:31,1,70,50
2021/8/2 22:35,1,-40,70
2021/8/2 22:42,1,75,90
2021/8/2 23:09,1,-60,70
2021/8/3 1:43,1,40,80
2021/8/3 2:47,1,-40,80
2021/8/3 18:52,1,-50,30
2021/8/11 23:07,1,65,80
2021/8/11 23:21,1,50,70
2021/8/11 23:55,1,50,60
2021/8/12 0:01,1,40,70
2021/8/12 0:35,1,10,80
2021/8/12 20:48,1,-20,70
2021/8/12 23:56,1,60,75
2021/8/19 22:21,1,30,80
2021/8/20 19:58,1,60,30
2021/8/20 23:52,1,60,80
2021/8/21 0:01,1,45,70
2021/8/22 13:02,1,20,10
2021/8/22 13:13,1,75,40
2021/8/23 4:15,1,60,80
2021/8/23 13:31,1,60,80
2021/8/23 13:40,1,75,85
2021/8/23 13:42,1,50,70
2021/8/23 13:51,1,75,85
2021/8/23 13:53,1,60,70
2021/8/23 15:45,1,10,80
2021/8/23 15:52,1,30,60
2021/8/23 18:52,1,60,80
2021/8/23 18:58,1,55,75
2021/8/28 6:06,1,0,0
2021/8/28 13:29,1,30,80
2021/8/29 22:05,1,25,80
2021/9/2 19:36,1,20,80
2021/9/2 20:04,1,10,75
2021/9/2 21:07,1,10,70
2021/9/4 20:40,1,70,85
2021/9/5 0:28,1,70,85
2021/9/5 0:53,1,20,60
2021/9/5 0:56,1,50,40
2021/9/5 5:30,1,70,90
2021/9/5 16:04,1,-10,70
2021/9/5 17:22,1,65,80
2021/9/5 17:24,1,-30,60
2021/9/5 17:27,1,60,80
2021/9/5 17:30,1,50,75
2021/9/8 21:43,1,-40,70
2021/9/8 22:06,1,10,30
2021/9/8 22:12,1,50,70
2021/9/8 23:38,1,25,80
2021/9/8 23:43,1,20,60
2021/9/9 0:19,1,50,70
2021/9/9 0:21,1,-5,60
2021/9/9 0:25,1,-20,10
2021/9/9 1:15,1,-20,60
2021/9/9 2:32,1,-75,60
2021/9/9 15:13,1,10,80
2021/9/9 16:01,1,-30,60
2021/9/9 16:04,1,25,70
2021/9/9 16:07,1,-25,70
2021/9/9 16:27,1,-40,70
2021/9/9 17:23,1,30,70
2021/9/9 18:10,1,-70,80
2021/9/9 18:12,1,60,80
2021/9/9 18:20,1,70,40
2021/9/9 18:25,1,20,60
2021/9/9 19:54,1,40,75
2021/9/9 20:10,1,10,20
2021/9/15 3:43,1,-40,80
2021/9/15 5:37,1,-30,60
2021/9/15 17:23,1,-30,60
2021/9/18 7:10,1,-20,60
2021/9/19 22:28,1,75,85
2021/9/19 22:48,1,40,70
2021/9/19 23:58,1,70,85
2021/10/6 20:12,1,70,80
2021/10/6 21:24,1,30,70
2021/10/6 22:42,1,-60,30
2021/10/6 22:52,1,-30,20
2021/10/6 22:55,1,-20,30
2021/10/6 23:32,1,-20,70
2021/10/7 22:18,1,60,85
2021/10/7 22:27,1,70,85
2021/10/7 22:44,1,40,70
2021/10/7 22:51,1,10,70
2021/10/7 23:04,1,80,90
2021/10/7 23:11,1,-10,70
2021/10/8 0:11,1,50,70
2021/10/8 0:21,1,20,75
2021/10/8 1:03,1,10,80
2021/10/8 1:48,1,80,90
2021/10/8 2:12,1,75,80
2021/10/8 2:40,1,60,80
2021/10/8 15:42,1,70,90
2021/10/12 11:25,1,-40,60
2021/10/12 15:40,1,50,60
2021/10/12 16:02,1,-20,75
2021/10/12 19:41,1,70,90
2021/10/12 23:45,1,10,70
2021/10/13 6:16,1,20,70
2021/10/13 6:19,1,20,70
2021/10/13 6:43,1,50,70
2021/10/14 6:51,1,50,80
2021/10/17 16:00,1,10,50
2021/10/17 16:03,1,-30,10
2021/10/17 17:39,1,-70,60
2021/10/19 21:35,1,-70,60
2021/10/19 22:14,1,65,80
2021/10/19 22:31,1,60,80
2021/10/19 22:35,1,-70,60
2021/10/19 22:38,1,-80,90
2021/10/19 22:42,1,-80,70
2021/10/19 23:25,1,-70,90
2021/10/19 23:30,1,25,80
2021/10/19 23:55,1,-45,60
2021/10/21 6:59,1,60,80
2021/10/21 7:33,1,-60,40
2021/11/3 18:33,1,70,90
2021/11/3 18:45,1,10,30
2021/11/3 19:04,1,15,70
2021/11/3 21:53,1,70,50
2021/11/3 21:54,1,20,60
2021/11/3 22:02,1,60,75
2021/11/3 22:09,1,50,70
2021/11/3 22:29,1,40,70
2021/11/3 23:26,1,50,80
2021/11/3 23:38,1,15,70
2021/11/3 23:41,1,-25,60
2021/11/3 23:48,1,70,80
2021/11/3 23:48,1,-60,70
2021/11/3 23:50,1,50,70
2021/11/3 23:55,1,25,70
2021/11/3 23:58,1,-50,75
2021/11/4 0:10,1,30,60
2021/11/4 3:17,1,20,60
2021/11/4 3:25,1,50,80
2021/11/4 19:14,1,75,85
2021/11/4 19:45,1,70,90
2021/11/4 19:48,1,75,90
2021/11/6 17:59,1,5,20
2021/11/6 18:16,1,0,20
2021/11/6 19:00,1,10,30
2021/11/6 19:04,1,10,60
2021/11/6 19:06,1,30,60
2021/11/6 19:41,1,10,20
2021/11/6 20:08,1,60,40
2021/11/6 20:15,1,50,20
2021/11/6 20:15,1,5,70
2021/11/6 20:15,1,60,40
2021/11/6 20:51,1,50,60
2021/11/10 21:08,1,70,80
2021/11/10 22:33,1,10,60
2021/11/11 0:30,1,-20,70
2021/11/11 4:23,1,70,90
2021/11/11 4:29,1,20,70
2021/11/11 4:32,1,40,60
2021/11/11 4:32,1,-20,30
2021/11/11 4:35,1,60,80
2021/11/11 4:51,1,70,60
2021/11/11 15:53,1,30,60
2021/11/11 18:59,1,10,70
2021/11/11 22:02,1,20,60
2021/11/13 18:34,1,-70,80
2021/11/13 18:37,1,-50,20
2021/11/13 19:11,1,60,20
2021/11/13 19:28,1,-50,70
2021/11/13 19:51,1,50,70
2021/11/13 21:21,1,-20,70
2021/11/13 22:25,1,-10,20
2021/11/13 22:47,1,-10,70
2021/11/14 0:42,1,30,70
2021/11/14 1:40,1,70,45
2021/11/19 3:57,1,-10,20
2021/11/19 4:09,1,80,60
2021/11/19 4:09,1,30,60
2021/11/19 4:43,1,60,80
2021/11/19 4:46,1,-10,60
2021/11/19 6:11,1,40,60
2021/11/19 6:14,1,-40,60
2021/11/19 15:23,1,-30,70
2021/11/19 16:56,1,-70,85
2021/11/29 21:57,1,20,60
2021/11/29 22:07,1,60,85
2021/11/29 23:27,1,-30,50
2021/11/29 23:37,1,-10,60
2021/11/29 23:48,1,-20,80
2021/11/30 0:34,1,10,80
2021/11/30 18:33,1,85,70
2021/11/30 20:15,1,70,80
2021/12/2 6:19,1,20,75
2021/12/2 6:34,1,60,70
2021/12/2 14:27,1,-70,60
2021/12/2 16:20,1,-10,70
2021/12/2 17:19,1,10,80
2021/12/2 18:33,1,50,70
2021/12/2 18:44,1,75,85
2021/12/2 20:13,1,60,80
2021/12/2 20:25,1,-30,60
2021/12/2 22:45,1,25,70
2021/12/2 23:34,1,20,75
2021/12/4 4:15,1,40,75
2021/12/4 16:50,1,50,70
2021/12/8 19:31,1,-50,75
2021/12/8 20:02,1,5,70
2021/12/8 20:04,1,-30,40
2021/12/8 20:10,1,-20,70
2021/12/8 20:26,1,45,70
2021/12/8 20:46,1,60,80
2021/12/8 20:55,1,50,70
2021/12/8 20:56,1,40,70
2021/12/8 21:05,1,40,80
2021/12/8 21:08,1,-60,80
2021/12/11 7:55,1,65,80
2021/12/11 7:59,1,-30,70
2021/12/11 14:51,1,30,50
2021/12/11 17:03,1,10,60
2021/12/11 17:14,1,70,80
2021/12/11 19:51,1,30,60
2021/12/12 22:25,1,60,90
2021/12/13 3:03,1,60,80
2021/12/13 3:32,1,15,70
2021/12/13 3:32,1,-10,60
2021/12/13 3:34,1,60,85
2021/12/13 16:12,1,-70,60
2021/12/13 18:09,1,-30,70
2021/12/13 18:29,1,10,80
2021/12/13 18:58,1,-30,80
2021/12/13 21:37,1,-50,80
2021/12/14 0:36,1,-60,20
2021/12/14 6:40,1,-70,30
2021/12/14 18:35,1,-65,45
2021/12/21 19:24,1,70,80
2021/12/21 19:30,1,-20,80
2021/12/21 20:53,1,40,70
2021/12/21 21:28,1,50,70
2021/12/21 21:34,1,40,85
2021/12/21 21:34,1,30,70
2021/12/21 21:36,1,65,80
2021/12/22 1:01,1,70,80
2021/12/22 1:35,1,70,85
2021/12/22 1:47,1,20,60
2021/12/22 1:58,1,20,70
2021/12/22 20:20,1,-20,70
2022/1/6 23:28,1,-50,75
2022/1/6 23:55,1,20,60
2022/1/7 0:12,1,50,70
2022/1/7 1:15,1,-70,60
2022/1/7 1:43,1,30,60
2022/1/7 1:46,1,60,80
2022/1/7 3:24,1,10,80
2022/1/7 5:35,1,10,90
2022/1/7 8:48,1,-70,75
2022/1/7 13:06,1,10,60
2022/1/7 15:00,1,45,70
2022/1/8 1:06,1,60,80
2022/1/8 2:29,1,-60,70
2022/1/8 2:36,1,70,80
2022/1/8 2:38,1,10,70
2022/1/8 3:07,1,60,80
2022/1/8 3:13,1,-10,60
2022/1/8 3:23,1,20,30
2022/1/8 4:49,1,70,80
2022/1/8 4:55,1,70,90
2022/1/8 5:47,1,10,40
2022/1/8 6:36,1,40,75
2022/1/8 18:15,1,20,75
2022/1/8 18:33,1,-30,60
2022/1/8 18:55,1,60,80
2022/1/8 20:54,1,-10,60
2022/1/8 21:03,1,-50,70
2022/1/10 5:41,1,-70,40
2022/1/10 6:01,1,60,80
2022/1/10 16:53,1,-50,70
2022/1/10 17:09,1,-40,80
2022/1/10 17:30,1,5,80
2022/1/10 20:41,1,-20,60
2022/1/10 21:07,1,25,70
2022/1/10 21:20,1,75,80
2022/1/10 21:47,1,-45,60
2022/1/10 22:22,1,-30,60
2022/1/12 21:41,1,-70,80
2022/1/13 0:04,1,-60,70
2022/1/13 19:06,1,70,85
2022/1/13 21:23,1,-70,40
2022/1/21 3:32,1,-70,60
2022/1/21 6:29,1,60,40
2022/2/5 19:15,1,-10,60
2022/2/5 19:54,1,-10,80
2022/2/5 21:33,1,30,60
2022/2/6 18:12,1,60,75
2022/2/6 18:49,1,60,80
2022/2/7 1:30,1,20,80
2022/2/7 1:33,1,80,90
2022/2/7 1:43,1,70,90
2022/2/7 1:46,1,0,20
2022/2/7 1:51,1,70,80
2022/2/7 2:14,1,50,70
2022/2/7 3:38,1,-40,60
2022/2/7 7:49,1,65,80
2022/2/7 16:53,1,60,70
2022/2/7 18:42,1,50,80
2022/2/7 19:33,1,10,70
2022/2/7 20:08,1,-70,80
2022/2/7 20:52,1,-20,60
2022/2/7 21:16,1,30,70
2022/2/7 21:33,1,75,90
2022/2/7 22:32,1,-10,60
2022/2/7 22:53,1,-20,70
2022/2/7 22:57,1,25,90
2022/2/7 23:05,1,70,85
2022/2/7 23:55,1,5,90
2022/2/8 0:45,1,70,50
2022/2/8 1:33,1,70,80
2022/2/8 1:49,1,70,80
2022/2/8 2:59,1,10,20
2022/2/8 16:29,1,10,50
2022/2/9 6:19,1,60,80
2022/2/14 23:42,1,-40,60
2022/2/14 23:48,1,-10,75
2022/2/15 0:26,1,0,70
2022/2/15 0:28,1,-20,70
2022/2/15 0:56,1,-20,70
2022/2/15 1:05,1,-30,70
2022/3/10 21:10,1,75,90
2022/3/14 19:57,1,-70,90
2022/3/14 20:18,1,20,70
2022/3/14 20:19,1,-70,85
2022/3/14 20:32,1,50,70
2022/3/14 20:38,1,50,80
2022/3/14 21:24,1,-70,60
2022/3/14 21:28,1,-70,60
2022/3/14 21:36,1,-65,70
2022/3/14 22:18,1,-40,70
2022/3/14 22:58,1,-50,75
2022/3/15 1:42,1,30,70
2022/3/15 2:01,1,70,60
2022/3/15 2:18,1,60,80
2022/3/15 2:21,1,60,80
2022/3/15 2:46,1,80,70
2022/3/15 3:17,1,60,80
2022/3/15 5:05,1,70,80
2022/3/15 16:03,1,20,60
2022/3/15 18:55,1,10,30
2022/3/15 21:41,1,75,85
2022/3/15 22:16,1,10,70
2022/3/17 13:26,1,20,60
2022/3/17 14:33,1,15,70
2022/3/17 23:52,1,50,80
2022/3/18 1:22,1,70,60
2022/3/21 0:12,1,70,80
2022/3/21 0:23,1,10,30
2022/3/21 0:47,1,0,50
2022/3/22 3:22,1,20,30
2022/3/22 3:46,1,0,20
2022/3/22 4:04,1,70,80
2022/3/22 4:41,1,70,80
2022/3/22 4:47,1,30,60
2022/3/22 5:06,1,65,85
2022/3/22 13:29,1,50,70
2022/3/22 16:39,1,80,70
2022/3/22 19:49,1,60,80
2022/3/23 1:48,1,75,90
2022/3/23 2:06,1,60,80
2022/3/23 2:16,1,-20,60
2022/3/30 10:38,1,10,60
2022/3/30 16:46,1,30,60
2022/3/30 16:53,1,70,90
2022/3/30 18:53,1,30,60
2022/3/30 19:01,1,-70,80
2022/3/31 4:16,1,10,60
2022/3/31 8:51,1,40,60
2022/4/1 0:01,1,60,75
2022/4/1 0:41,1,30,70
2022/4/1 0:43,1,25,70
2022/4/1 1:10,1,40,80
2022/4/1 1:10,1,-30,70
2022/4/1 3:22,1,30,60
2022/4/6 22:01,1,10,70
2022/4/21 16:53,1,70,60
2022/4/21 18:59,1,20,70
2022/4/21 19:32,1,70,60
2022/4/21 20:22,1,50,75
2022/4/22 7:08,1,30,70
2022/4/22 7:21,1,60,80
2022/4/22 14:32,1,60,70
2022/4/22 14:38,1,60,80
2022/4/22 15:22,1,50,60
2022/4/22 15:23,1,70,85
2022/4/22 17:24,1,65,80
2022/4/22 17:36,1,45,70
2022/4/22 17:43,1,50,70
2022/4/23 0:02,1,-70,40
2022/4/23 0:13,1,20,70
2022/4/23 0:33,1,25,80
2022/4/26 13:28,1,50,80
2022/4/26 23:16,1,60,20
2022/4/26 23:31,1,60,75
2022/4/26 23:45,1,40,70
2022/4/26 23:52,1,10,20
2022/4/27 2:39,1,40,20
2022/4/27 2:43,1,30,70
2022/4/27 3:10,1,70,90
2022/4/27 12:33,1,10,60
2022/4/27 14:16,1,60,70
2022/4/27 14:55,1,50,70
2022/4/30 15:49,1,70,85
2022/4/30 17:51,1,-40,20
2022/4/30 18:06,1,-40,30
2022/5/1 4:52,1,10,75
2022/5/6 21:04,1,50,80
2022/5/6 21:16,1,-10,60
2022/5/6 21:18,1,40,70
2022/5/6 21:23,1,-60,75
2022/5/6 21:54,1,-10,50
2022/5/6 23:32,1,50,30
2022/5/7 23:58,1,0,50
2022/5/8 0:33,1,-20,40
2022/5/8 5:37,1,-20,75
2022/5/8 10:35,1,20,80
2022/5/8 15:38,1,10,60
2022/5/13 0:37,1,70,80
2022/5/13 0:39,1,-60,20
2022/5/13 3:18,1,-70,20
2022/5/13 3:24,1,-80,60
2022/5/13 3:39,1,10,60
2022/5/13 11:58,1,-75,65
2022/5/13 15:54,1,20,60
2022/5/13 16:22,1,-75,60
2022/5/13 19:38,1,-20,50
2022/5/13 20:09,1,-10,20
2022/5/18 20:31,1,-70,60
2022/5/18 23:26,1,-70,60
2022/5/19 19:30,1,20,70
2022/5/25 19:06,1,40,70
2022/5/25 19:30,1,-10,70
2022/5/25 19:41,1,-70,80
2022/5/25 20:35,1,10,70
2022/5/25 20:49,1,70,90
2022/5/25 21:00,1,-75,90
2022/5/25 21:08,1,-10,40
2022/5/25 21:22,1,50,70
2022/5/25 21:27,1,-45,60
2022/5/25 23:21,1,-30,70
2022/6/1 23:29,1,50,30
2022/6/2 0:51,1,40,90
2022/6/2 3:01,1,80,90
2022/6/2 21:30,1,80,90
2022/6/5 6:15,1,75,90
2022/6/5 18:44,1,60,80
2022/6/6 16:53,1,60,80
2022/6/7 4:52,1,40,60
2022/6/9 0:42,1,30,80
2022/6/9 1:02,1,-10,60
2022/6/9 1:24,1,20,70
2022/6/9 2:15,1,-20,60
2022/6/9 2:16,1,10,75
2022/6/9 4:33,1,80,60
2022/6/9 5:19,1,50,70
2022/6/9 14:15,1,65,75
2022/6/9 15:43,1,40,70
2022/6/9 16:05,1,10,80
2022/6/9 16:11,1,-30,70
2022/6/9 16:42,1,70,50
2022/6/9 17:04,1,-20,70
2022/6/9 17:10,1,60,80
2022/6/9 17:13,1,30,70
2022/6/9 17:46,1,5,80
2022/6/9 17:52,1,20,80
2022/6/9 18:06,1,50,80
2022/6/9 18:22,1,-20,60
2022/6/11 23:38,1,60,20
2022/6/12 23:22,1,65,85
2022/6/12 23:56,1,-60,70
2022/6/22 3:56,1,-70,60
2022/6/22 4:34,1,-80,70
2022/6/22 4:40,1,40,60
2022/6/22 5:05,1,-70,60
2022/6/22 5:21,1,20,40
2022/6/22 5:51,1,20,50
2022/6/22 6:09,1,25,60
2022/6/27 15:50,1,-10,60
2022/6/27 15:51,1,30,60
2022/6/27 16:09,1,20,60
2022/6/27 16:15,1,55,70
2022/6/27 17:28,1,-10,70
2022/6/27 17:45,1,85,75
2022/6/27 18:02,1,80,90
2022/6/27 18:11,1,40,65
2022/6/27 22:23,1,10,30
2022/6/27 22:32,1,-10,20
2022/6/27 23:53,1,55,70
2022/6/28 0:50,1,20,70
2022/6/28 1:43,1,65,80
2022/6/28 1:44,1,60,80
2022/6/28 2:29,1,10,60
2022/6/28 4:05,1,10,40
2022/6/28 14:32,1,25,5
2022/6/29 0:43,1,-30,60
2022/6/29 1:07,1,20,70
2022/7/1 20:34,1,15,70
2022/7/4 1:05,1,-50,70
2022/7/4 21:00,1,70,50
2022/7/6 1:43,1,20,80
2022/7/6 3:57,1,30,50
2022/7/6 4:56,1,-50,75
2022/7/6 15:17,1,60,40
2022/7/6 15:40,1,20,75
2022/7/6 16:19,1,35,70
2022/7/14 5:14,1,40,70
2022/7/14 5:40,1,-60,80
2022/7/14 12:00,1,75,60
2022/7/14 13:31,1,-20,60
2022/7/14 14:48,1,-80,60
2022/7/14 15:19,1,-65,20
2022/7/14 15:40,1,20,60
2022/7/14 18:39,1,-15,40
2022/7/14 18:41,1,25,70
2022/7/14 18:47,1,-80,60
2022/7/15 16:26,1,45,80
2022/7/15 16:47,1,50,70
2022/7/15 17:05,1,60,80
2022/7/15 17:15,1,20,70
2022/7/15 17:16,1,70,30
2022/7/15 17:20,1,-70,90
2022/7/15 17:37,1,-70,30
2022/7/15 17:47,1,50,80
2022/7/15 17:47,1,15,70
2022/7/15 17:48,1,-70,50
2022/7/15 17:56,1,20,70
2022/7/17 14:53,1,-50,70
2022/7/17 16:50,1,-20,80
2022/7/17 16:58,1,40,60
2022/7/17 18:00,1,-20,75
2022/7/18 2:30,1,-60,50
2022/7/18 2:46,1,-40,70
2022/7/18 2:52,1,70,60
2022/7/18 3:56,1,-80,70
2022/7/18 4:49,1,-40,70
2022/7/18 6:18,1,-70,60
2022/7/20 14:21,1,40,70
2022/7/20 14:35,1,50,80
2022/7/20 14:40,1,60,80
2022/7/20 14:53,1,20,30
2022/7/20 15:14,1,-20,30
2022/7/20 15:27,1,60,75
2022/7/20 16:17,1,65,50
2022/7/20 16:30,1,50,70
2022/7/20 16:34,1,65,75
2022/7/20 20:06,1,70,80
2022/7/20 21:14,1,-30,60
2022/7/29 1:07,1,40,70
2022/7/29 1:22,1,-10,70
2022/7/29 1:23,1,-70,80
2022/7/29 1:59,1,20,60
2022/7/29 3:13,1,-10,30
2022/7/29 3:17,1,15,70
2022/7/29 5:18,1,10,60
2022/7/29 6:09,1,-20,60
2022/7/29 11:42,1,20,70
2022/7/29 15:48,1,70,80
2022/8/12 3:37,1,70,60
2022/8/12 4:55,1,60,25
2022/8/12 5:25,1,30,60
2022/8/12 14:48,1,-10,60
2022/8/12 15:00,1,60,70
2022/8/12 20:29,1,35,60
2022/8/12 22:30,1,-20,60
2022/8/12 22:41,1,-20,60
2022/8/12 22:44,1,60,70
2022/8/14 1:14,1,70,80
2022/8/16 23:27,1,20,70
2022/8/16 23:41,1,50,20
2022/8/17 0:30,1,70,60
2022/8/17 1:01,1,0,50
2022/8/17 1:28,1,0,50
2022/8/17 1:55,1,50,80
2022/8/17 2:04,1,-10,50
2022/8/17 2:27,1,10,30
2022/8/17 2:50,1,-70,60
2022/8/17 4:11,1,-20,80
2022/8/17 4:44,1,-50,10
2022/8/18 1:08,1,75,90
2022/8/18 1:16,1,-30,70
2022/8/18 1:24,1,-20,70
2022/8/18 1:56,1,70,90
2022/8/18 2:56,1,50,70
2022/8/18 3:04,1,70,90
2022/8/18 3:10,1,60,80
2022/8/18 3:24,1,60,75
2022/8/18 3:49,1,-10,70
2022/8/18 16:24,1,20,80
2022/8/18 16:53,1,60,80
2022/8/22 1:56,1,60,85
2022/8/22 1:57,1,60,85
2022/8/22 3:06,1,50,80
2022/8/22 3:52,1,60,80
2022/8/22 15:03,1,65,80
2022/8/22 15:30,1,-60,75
2022/8/22 15:34,1,55,75
2022/8/22 15:41,1,60,90
2022/8/22 16:57,1,-20,70
2022/8/22 20:24,1,60,80
2022/8/22 20:45,1,80,90
2022/8/22 21:25,1,70,85
2022/8/23 15:05,1,45,60
2022/8/23 15:43,1,65,85
2022/9/5 4:44,1,75,90
2022/9/15 0:04,1,75,90
2022/9/15 0:16,1,60,75
2022/9/15 0:25,1,-70,80
2022/9/15 0:30,1,-70,80
2022/9/15 0:33,1,-70,80
2022/9/15 0:45,1,30,60
2022/9/15 0:53,1,-30,70
2022/9/15 1:32,1,-60,80
2022/9/15 2:07,1,-10,75
2022/9/15 2:25,1,-20,60
2022/9/15 4:18,1,80,90
2022/9/15 23:04,1,10,80
2022/9/15 23:57,1,50,80
2022/9/16 0:08,1,10,20
2022/9/16 0:08,1,20,60
2022/9/16 0:21,1,10,50
2022/9/16 0:26,1,-30,70
2022/9/16 3:18,1,40,80
2022/9/16 3:32,1,20,60
2022/9/16 13:07,1,-30,70
2022/9/16 15:18,1,30,70
2022/9/18 4:51,1,20,70
2022/9/18 5:13,1,20,70
2022/9/18 5:43,1,20,75
2022/9/18 12:41,1,-20,60
2022/9/18 12:56,1,30,40
2022/9/18 13:58,1,65,80
2022/9/18 14:16,1,40,70
2022/9/18 14:43,1,-50,75
2022/9/18 14:56,1,70,30
2022/9/18 15:04,1,-50,80
2022/9/23 3:48,1,70,85
2022/9/23 4:21,1,20,70
2022/9/23 12:27,1,-50,70
2022/9/23 13:46,1,-30,60
2022/9/23 14:17,1,-30,70
2022/9/23 15:25,1,-10,80
2022/9/23 15:33,1,-40,70
2022/9/23 19:34,1,-25,60
2022/9/23 20:32,1,20,80
2022/9/23 21:16,1,-60,70
2022/9/24 0:12,1,-65,80
2022/9/26 15:40,1,-10,70
2022/9/26 16:02,1,60,40
2022/9/26 16:03,1,0,20
2022/9/26 16:03,1,70,90
2022/9/26 16:27,1,15,70
2022/9/27 16:37,1,60,30
2022/9/27 17:09,1,30,75
2022/9/27 17:21,1,30,70
2022/9/27 17:29,1,60,80
2022/9/27 18:01,1,20,90
2022/9/27 18:53,1,60,85
2022/9/27 19:25,1,50,70
2022/9/27 19:40,1,-75,20
2022/9/27 20:00,1,70,90
2022/9/27 22:20,1,60,80
2022/10/1 3:59,1,50,70
2022/10/1 13:40,1,60,80
2022/10/1 14:22,1,60,80
2022/10/1 14:32,1,60,40
2022/10/1 14:39,1,10,60
2022/10/1 15:03,1,-50,20
2022/10/1 15:06,1,50,75
2022/10/1 15:14,1,45,60
2022/10/1 15:26,1,20,70
2022/10/1 15:51,1,70,90
2022/10/1 15:54,1,30,70
2022/10/1 16:08,1,60,80
2022/10/1 16:11,1,-50,80
2022/10/1 20:56,1,20,60
2022/10/10 20:26,1,-70,40
2022/10/10 20:45,1,60,70
2022/10/10 20:57,1,-10,80
2022/10/10 21:02,1,20,80
2022/10/10 21:24,1,-30,60
2022/10/10 21:27,1,75,20
2022/10/10 21:31,1,60,75
2022/10/10 21:57,1,-30,70
2022/10/10 22:39,1,20,70
2022/10/10 22:57,1,20,60
2022/10/13 2:00,1,-55,80
2022/10/13 2:07,1,60,80
2022/10/13 2:13,1,-70,60
2022/10/13 2:17,1,20,70
2022/10/13 2:23,1,20,60
2022/10/13 2:23,1,0,20
2022/10/13 2:25,1,-60,70
2022/10/13 2:30,1,40,60
2022/10/13 2:34,1,-60,70
2022/10/15 0:22,1,50,70
2022/10/16 21:07,1,70,60
2022/10/16 22:54,1,-40,70
2022/10/16 23:35,1,-10,60
2022/10/17 2:17,1,60,80
2022/10/18 5:51,1,-70,90
2022/10/18 17:43,1,60,80
2022/10/18 19:05,1,70,90
2022/10/18 19:40,1,10,80
2022/10/18 20:06,1,0,60
2022/10/18 20:16,1,40,70
2022/10/20 1:48,1,-40,60
2022/10/20 6:32,1,50,80
2022/10/20 7:47,1,40,70
2022/10/21 20:45,1,20,60
2022/10/21 21:07,1,60,80
2022/10/21 21:32,1,-30,60
2022/10/21 23:56,1,60,45
2022/10/22 0:51,1,70,85
2022/10/22 1:03,1,-40,70
2022/10/23 3:08,1,57,82
2022/10/24 16:18,1,45,70
2022/10/24 16:42,1,60,85
2022/10/24 20:31,1,20,80
2022/10/24 21:09,1,-10,60
2022/10/24 22:06,1,50,75
2022/10/24 22:15,1,40,60
2022/10/27 12:05,1,60,80
2022/11/1 4:13,1,40,60
2022/11/1 4:26,1,50,70
2022/11/5 19:18,1,30,75
2022/11/5 19:25,1,10,80
2022/11/5 19:30,1,30,40
2022/11/5 20:06,1,65,80
2022/11/5 20:14,1,50,70
2022/11/5 20:33,1,-20,60
2022/11/5 20:53,1,-60,80
2022/11/5 21:35,1,30,80
2022/11/5 21:55,1,20,75
2022/11/8 5:45,1,30,60
2022/11/10 23:42,1,25,70
2022/11/11 1:32,1,20,70
2022/11/11 5:12,1,30,70
2022/11/11 23:15,1,5,85
2022/11/13 16:28,1,20,50
2022/11/13 17:36,1,30,10
2022/11/13 20:11,1,70,80
2022/11/13 21:43,1,70,40
2022/11/13 22:17,1,40,70
2022/11/13 22:19,1,-20,60
2022/11/16 3:57,1,70,80
2022/11/16 3:58,1,70,60
2022/11/16 5:31,1,60,80
2022/11/16 5:56,1,-15,30
2022/11/16 6:00,1,60,80
2022/11/16 7:22,1,80,90
2022/11/16 10:25,1,-30,70
2022/11/16 11:57,1,40,60
2022/11/16 17:46,1,75,90
2022/11/16 17:54,1,20,60
2022/11/16 18:04,1,60,80
2022/11/19 15:50,1,75,90
2022/11/20 1:03,1,40,80
2022/11/20 1:21,1,50,20
2022/11/20 1:32,1,80,70
2022/11/20 1:39,1,65,80
2022/11/20 1:50,1,-30,70
2022/11/20 3:09,1,80,90
2022/11/20 12:45,1,70,80
2022/11/20 14:55,1,60,80
2022/11/20 15:12,1,75,50
2022/11/20 15:23,1,30,80
2022/11/20 15:30,1,50,80
2022/11/20 18:50,1,-70,80
2022/11/20 21:38,1,-70,80
2022/11/20 22:12,1,-70,30
2022/11/21 2:30,1,-20,75
2022/11/21 4:20,1,80,50
2022/11/21 20:58,1,10,60
2022/11/21 23:05,1,70,80
2022/11/21 23:22,1,60,70
2022/11/22 5:03,1,-40,60
2022/11/22 19:22,1,50,80
2022/11/22 20:23,1,45,70
2022/11/22 22:28,1,75,80
2022/11/23 22:26,1,60,80
2022/11/24 0:24,1,-15,75
2022/11/24 0:29,1,40,80
2022/11/24 0:53,1,65,75
2022/11/25 1:35,1,70,80
2022/11/25 1:37,1,-30,70
2022/11/26 1:06,1,70,90
2022/11/26 5:16,1,20,70
2022/11/26 17:08,1,20,60
2022/11/26 23:09,1,-70,20
2022/11/27 0:24,1,-30,10
2022/12/14 23:38,1,25,60
2022/12/14 23:45,1,50,30
2022/12/15 0:02,1,10,70
2022/12/15 1:43,1,-20,60
2022/12/15 15:06,1,45,80
2022/12/15 16:46,1,-30,60
2022/12/15 18:28,1,20,60
2022/12/15 18:48,1,-20,45
2022/12/15 18:52,1,-20,70
2022/12/15 19:01,1,30,60
2022/12/24 0:34,1,65,80
2022/12/24 0:52,1,60,80
2022/12/24 0:53,1,50,60
2022/12/24 1:08,1,70,80
2022/12/24 1:09,1,30,20
2022/12/24 3:41,1,-60,70
2022/12/24 4:07,1,70,80
2022/12/24 5:48,1,20,60
2022/12/24 6:53,1,60,80
2022/12/24 16:15,1,-70,70
2022/12/24 16:25,1,20,60
2022/12/24 16:37,1,-30,40
2022/12/24 16:45,1,70,90
2022/12/24 16:48,1,-40,70
2022/12/25 0:56,1,65,70
2022/12/31 1:48,1,-30,60
2022/12/31 2:16,1,-15,65
2022/12/31 2:59,1,20,80
2022/12/31 3:09,1,20,60
2022/12/31 3:59,1,60,80
2022/12/31 4:00,1,-70,85
2022/12/31 4:23,1,75,90
2022/12/31 4:43,1,55,80
2022/12/31 16:17,1,40,60
2023/1/1 0:57,1,75,90
2023/1/1 17:24,1,60,80
2023/1/1 18:33,1,40,70
2023/1/1 18:59,1,-10,60
2023/1/1 20:11,1,30,60
2023/1/1 20:16,1,10,75
2023/1/1 20:21,1,40,20
2023/1/1 20:23,1,10,70
2023/1/1 20:34,1,60,20
2023/1/1 21:02,1,10,50
2023/1/1 21:35,1,90,80
2023/1/1 22:45,1,60,80
2023/1/1 22:52,1,50,70
2023/1/1 22:54,1,-60,75
2023/1/1 23:25,1,-50,70
2023/1/2 0:14,1,70,85
2023/1/2 0:21,1,60,80
2023/1/2 0:30,1,60,80
2023/1/2 18:30,1,-40,75
2023/1/2 23:55,1,60,80
2023/1/3 0:02,1,-40,70
2023/1/3 0:23,1,60,70
2023/1/3 0:26,1,40,70
2023/1/3 0:43,1,70,80
2023/1/3 1:49,1,30,70
2023/1/3 2:12,1,60,75
2023/1/3 2:19,1,50,70
2023/1/3 3:10,1,60,85
2023/1/3 3:14,1,35,70
2023/1/3 23:30,1,10,70
2023/1/4 0:50,1,20,60
2023/1/6 3:16,1,50,80
2023/1/6 3:48,1,60,70
2023/1/6 4:15,1,50,70
2023/1/6 4:23,1,60,80
2023/1/6 5:04,1,60,70
2023/1/6 5:22,1,25,70
2023/1/6 6:56,1,60,70
2023/1/6 17:15,1,50,70
2023/1/6 18:18,1,20,70
2023/1/6 18:47,1,50,75
2023/1/6 19:17,1,50,70
2023/2/6 6:38,1,40,70
2023/2/7 1:03,1,60,75
2023/2/7 1:08,1,5,80
2023/2/7 1:20,1,-25,60
2023/2/7 1:29,1,65,55
2023/2/7 1:39,1,70,60
2023/2/20 20:04,1,70,90
2023/2/20 21:05,1,30,70
2023/2/20 21:28,1,20,75
2023/2/20 21:43,1,10,70
2023/2/20 21:45,1,30,80
2023/2/20 21:53,1,-10,60
2023/2/20 22:03,1,80,70
2023/2/21 1:17,1,40,70
2023/2/21 1:29,1,70,90
2023/2/21 15:45,1,60,75
2023/2/22 16:01,1,60,20
2023/3/6 3:19,1,40,75
2023/3/6 3:37,1,70,80
2023/3/6 4:27,1,25,70
2023/3/6 5:29,1,80,90
2023/3/6 5:46,1,70,60
2023/3/6 6:04,1,60,75
2023/3/6 6:10,1,65,40
2023/3/6 13:16,1,-20,70
2023/3/6 13:23,1,60,80
2023/3/6 17:20,1,60,80
2023/3/6 17:53,1,20,75
2023/3/20 2:09,1,20,75
2023/3/20 2:21,1,-60,70
2023/3/20 15:52,1,-35,65
2023/3/20 22:09,1,-70,80
2023/3/20 22:17,1,-10,60
2023/3/20 23:33,1,20,60
2023/3/20 23:51,1,45,70
2023/3/21 0:09,1,-20,60
2023/3/21 22:32,1,-65,60
2023/3/23 16:54,1,75,30
2023/3/23 17:56,1,60,70
2023/3/23 18:27,1,65,75
2023/3/29 14:42,1,30,80
2023/3/29 16:01,1,25,80
2023/3/29 16:11,1,25,75
2023/3/29 19:09,1,60,80
2023/3/29 19:42,1,-30,80
2023/3/29 19:42,1,39,76
2023/3/31 0:48,1,10,90
2023/3/31 0:56,1,-60,70
2023/3/31 1:00,1,10,40
2023/3/31 1:13,1,20,80
2023/3/31 1:25,1,-20,30
2023/3/31 1:46,1,5,20
2023/3/31 1:53,1,-70,85
2023/3/31 2:06,1,20,80
2023/3/31 2:22,1,-30,20
2023/3/31 3:50,1,10,20
2023/3/31 18:13,1,25,60
2023/3/31 18:14,1,70,80
2023/3/31 18:36,1,60,80
2023/3/31 18:41,1,70,85
2023/3/31 19:01,1,40,70
2023/3/31 19:07,1,10,30
2023/3/31 19:25,1,-5,80
2023/3/31 20:22,1,60,80
2023/3/31 20:44,1,40,20
2023/3/31 21:29,1,38,65
2023/4/1 3:56,1,70,80
2023/4/1 8:06,1,-70,85
2023/4/1 10:51,1,-40,80
2023/4/1 15:27,1,10,60
2023/4/2 2:59,1,-90,95
2023/4/2 3:22,1,-10,20
2023/4/5 22:36,1,75,90
2023/4/5 22:53,1,50,70
2023/4/5 22:54,1,-50,70
2023/4/6 2:10,1,75,90
2023/4/6 3:20,1,70,40
2023/4/6 3:27,1,65,90
2023/4/6 4:41,1,30,40
2023/4/6 15:01,1,30,80
2023/4/6 16:49,1,60,70
2023/4/6 17:41,1,60,85
2023/4/6 18:54,1,50,80
2023/4/7 0:58,1,-60,80
2023/4/7 1:26,1,20,70
2023/4/7 2:25,1,-70,60
2023/4/7 3:29,1,40,60
2023/4/7 5:34,1,-20,60
2023/4/7 13:38,1,-40,70
2023/4/7 15:10,1,-40,70
2023/4/7 16:49,1,-80,60
2023/4/7 20:33,1,-40,60
2023/4/14 0:49,1,-70,60
2023/4/16 3:25,1,-10,30
2023/4/16 14:25,1,-10,20
2023/4/16 14:59,1,50,70
2023/4/16 17:35,1,50,70
2023/4/16 17:36,1,60,75
2023/4/16 19:06,1,10,60
2023/4/16 19:23,1,-20,70
2023/4/16 22:13,1,-70,30
2023/4/17 0:06,1,10,20
2023/4/17 3:41,1,25,70
2023/5/5 1:18,1,65,80
2023/5/5 2:03,1,20,80
2023/5/10 16:32,1,5,60
2023/5/10 17:16,1,-65,80
2023/5/10 18:43,1,-30,20
2023/5/10 18:51,1,70,80
2023/5/10 23:34,1,-20,60
2023/5/11 3:52,1,-10,30
2023/5/11 5:01,1,10,70
2023/5/12 1:16,1,45,70
2023/5/12 1:21,1,-20,60
2023/5/12 1:25,1,70,60
2023/5/14 7:46,1,60,80
2023/5/14 22:17,1,20,40
2023/5/14 22:31,1,25,50
2023/5/15 6:22,1,10,20
2023/5/15 6:24,1,10,65
2023/5/21 3:03,1,50,80
2023/5/21 5:59,1,-25,70
2023/5/21 6:57,1,20,70
2023/5/21 12:47,1,20,60
2023/5/21 14:00,1,65,80
2023/5/21 14:05,1,30,70
2023/5/21 17:36,1,40,60
2023/5/21 18:22,1,60,90
2023/5/21 19:17,1,50,80
2023/5/22 2:41,1,-70,70
2023/5/22 2:53,1,30,80
2023/5/28 12:46,1,70,85
2023/6/20 15:25,1,60,80
2023/6/23 17:05,1,60,80
2023/6/23 18:16,1,70,80
2023/6/23 18:57,1,72,85
2023/6/23 19:01,1,80,60
2023/6/23 19:04,1,50,10
2023/6/23 19:45,1,-30,70
2023/6/23 19:55,1,65,80
2023/6/23 20:00,1,-20,60
2023/6/23 20:05,1,40,80
2023/6/24 2:54,1,75,90
2023/6/24 4:50,1,-60,70
2023/7/1 18:40,1,-30,70
2023/7/1 18:56,1,-75,85
2023/7/1 18:59,1,-30,20
2023/7/2 1:15,1,-50,30
2023/7/2 3:44,1,-60,50
2023/7/2 19:30,1,-60,20
2023/7/2 22:32,1,-50,70
2023/7/8 1:16,1,-50,20
2023/7/8 13:27,1,25,50
2023/7/8 17:51,1,-20,75
2023/7/8 17:56,1,-20,70
2023/7/8 18:05,1,65,80
2023/7/8 18:08,1,20,60
2023/7/8 20:48,1,50,80
2023/7/9 4:31,1,60,80
2023/7/9 16:13,1,-60,60
2023/7/9 17:19,1,30,70
2023/7/9 19:12,1,20,70
2023/8/5 22:42,1,-50,60
2023/8/5 22:47,1,60,80
2023/8/5 22:48,1,50,80
2023/8/5 23:13,1,-20,75
2023/8/5 23:52,1,25,70
2023/8/6 16:10,1,70,80
2023/8/6 17:43,1,60,70
2023/8/22 1:03,1,20,70
2023/8/22 14:32,1,-70,60
2023/8/29 18:28,1,60,80
2023/8/29 19:49,1,10,50
2023/8/29 19:53,1,5,60
2023/8/31 17:17,1,20,80
2023/8/31 21:45,1,75,90
2023/8/31 22:20,1,50,30
2023/8/31 23:13,1,40,65
2023/9/12 19:53,1,40,60
2023/9/12 20:02,1,-20,60
2023/9/13 19:31,1,-50,75
2023/9/13 22:49,1,10,70
2023/9/22 22:08,1,50,75
2023/9/23 16:54,1,1,20
2023/9/23 17:06,1,75,80
2023/9/23 17:10,1,75,60
2023/10/9 2:46,1,-80,45
2023/10/9 2:57,1,10,25
2023/10/9 3:03,1,20,70
2023/10/9 3:12,1,-40,60
2023/10/9 3:13,1,-30,60
2023/10/9 3:32,1,-20,60
2023/10/9 15:51,1,80,60
2023/10/9 17:17,1,60,70
2023/10/24 22:02,1,-60,70
2023/10/24 22:34,1,50,70
2023/10/24 22:36,1,65,80
2023/10/24 22:38,1,-55,40
2023/10/24 23:34,1,-40,75
2023/10/25 2:04,1,60,85
2023/10/25 6:29,1,60,90
2023/10/25 15:10,1,-40,60
2023/10/25 17:59,1,50,60
2023/10/26 3:40,1,-95,70
2023/10/29 16:50,1,-90,70
2023/10/29 17:05,1,-10,70
2023/10/30 18:55,1,30,50
2023/10/30 18:59,1,15,70
2023/10/30 19:21,1,70,90
2023/10/30 19:57,1,-60,80
2023/10/30 22:47,1,-10,70
2023/12/2 18:25,1,30,70
2023/12/2 23:49,1,60,80
2023/12/3 0:18,1,60,80
2023/12/3 0:59,1,-60,50
2023/12/3 18:59,1,50,30
2023/12/20 17:40,1,70,80
2023/12/20 18:48,1,10,80
2023/12/20 21:06,1,30,70
2023/12/20 21:11,1,55,75
2023/12/20 22:24,1,-20,80
2023/12/20 23:47,1,30,80
2023/12/21 0:07,1,70,80
2023/12/21 0:26,1,10,70
2023/12/21 6:40,1,10,60
2023/12/21 14:59,1,-80,70
2023/12/21 19:13,1,75,90
2023/12/22 19:26,1,60,80
2023/12/22 20:43,1,50,80
2023/12/22 21:05,1,20,80
